scenario,tz_name,daio,year,flights
Actual,NM Area,AD,2019,2042750
Actual,NM Area,I,2019,8950320
Actual,NM Area,O,2019,113240
Actual,NM Area,T,2019,11106310
Actual,Albania,AD,2019,28432
Actual,Albania,I,2019,34
Actual,Albania,O,2019,192297
Actual,Albania,T,2019,220763
Actual,Armenia,AD,2019,26574
Actual,Armenia,I,2019,8
Actual,Armenia,O,2019,40353
Actual,Armenia,T,2019,66935
Actual,Austria,AD,2019,338108
Actual,Austria,I,2019,16594
Actual,Austria,O,2019,1009864
Actual,Austria,T,2019,1364566
Actual,Azerbaijan,AD,2019,50608
Actual,Azerbaijan,I,2019,5278
Actual,Azerbaijan,O,2019,87203
Actual,Azerbaijan,T,2019,143089
Actual,BLUE MED FAB,AD,2019,1377212
Actual,BLUE MED FAB,I,2019,479555
Actual,BLUE MED FAB,O,2019,906429
Actual,BLUE MED FAB,T,2019,2763196
Actual,Baltic FAB,AD,2019,418643
Actual,Baltic FAB,I,2019,52231
Actual,Baltic FAB,O,2019,555228
Actual,Baltic FAB,T,2019,1026102
Actual,Belgium/Luxembourg,AD,2019,412812
Actual,Belgium/Luxembourg,I,2019,5138
Actual,Belgium/Luxembourg,O,2019,830804
Actual,Belgium/Luxembourg,T,2019,1248754
Actual,Bosnia and Herzegovina,AD,2019,19005
Actual,Bosnia and Herzegovina,I,2019,230
Actual,Bosnia and Herzegovina,O,2019,413198
Actual,Bosnia and Herzegovina,T,2019,432433
Actual,Bulgaria,AD,2019,88837
Actual,Bulgaria,I,2019,4262
Actual,Bulgaria,O,2019,786276
Actual,Bulgaria,T,2019,879375
Actual,Croatia,AD,2019,102356
Actual,Croatia,I,2019,11015
Actual,Croatia,O,2019,600848
Actual,Croatia,T,2019,714219
Actual,Cyprus,AD,2019,81684
Actual,Cyprus,I,2019,1801
Actual,Cyprus,O,2019,327981
Actual,Cyprus,T,2019,411466
Actual,Czech Republic,AD,2019,165813
Actual,Czech Republic,I,2019,6101
Actual,Czech Republic,O,2019,695320
Actual,Czech Republic,T,2019,867234
Actual,DK-SE FAB,AD,2019,527423
Actual,DK-SE FAB,I,2019,189874
Actual,DK-SE FAB,O,2019,358023
Actual,DK-SE FAB,T,2019,1075320
Actual,Danube FAB,AD,2019,249301
Actual,Danube FAB,I,2019,29651
Actual,Danube FAB,O,2019,781413
Actual,Danube FAB,T,2019,1060365
Actual,Denmark,AD,2019,296446
Actual,Denmark,I,2019,38760
Actual,Denmark,O,2019,334168
Actual,Denmark,T,2019,669374
Actual,ECAC,AD,2019,2292660
Actual,ECAC,I,2019,8595493
Actual,ECAC,O,2019,197149
Actual,ECAC,T,2019,11085302
Actual,ESRA08,AD,2019,2422394
Actual,ESRA08,I,2019,8285151
Actual,ESRA08,O,2019,152331
Actual,ESRA08,T,2019,10859876
Actual,EU27,AD,2019,3787379
Actual,EU27,I,2019,4937366
Actual,EU27,O,2019,986051
Actual,EU27,T,2019,9710796
Actual,Estonia,AD,2019,42157
Actual,Estonia,I,2019,3911
Actual,Estonia,O,2019,182664
Actual,Estonia,T,2019,228732
Actual,FAB CE,AD,2019,745821
Actual,FAB CE,I,2019,73856
Actual,FAB CE,O,2019,1573855
Actual,FAB CE,T,2019,2393532
Actual,FABEC,AD,2019,3445015
Actual,FABEC,I,2019,1237843
Actual,FABEC,O,2019,1614823
Actual,FABEC,T,2019,6297681
Actual,Finland,AD,2019,172400
Actual,Finland,I,2019,50319
Actual,Finland,O,2019,62471
Actual,Finland,T,2019,285190
Actual,France,AD,2019,1174512
Actual,France,I,2019,398988
Actual,France,O,2019,1798271
Actual,France,T,2019,3371771
Actual,Georgia,AD,2019,45407
Actual,Georgia,I,2019,931
Actual,Georgia,O,2019,92034
Actual,Georgia,T,2019,138372
Actual,Germany,AD,2019,1717573
Actual,Germany,I,2019,337706
Actual,Germany,O,2019,1338464
Actual,Germany,T,2019,3393743
Actual,Greece,AD,2019,339591
Actual,Greece,I,2019,121209
Actual,Greece,O,2019,423290
Actual,Greece,T,2019,884090
Actual,Hungary,AD,2019,130877
Actual,Hungary,I,2019,693
Actual,Hungary,O,2019,760394
Actual,Hungary,T,2019,891964
Actual,Iceland,AD,2019,56670
Actual,Iceland,I,2019,13610
Actual,Iceland,O,2019,124751
Actual,Iceland,T,2019,195031
Actual,Ireland,AD,2019,288174
Actual,Ireland,I,2019,6669
Actual,Ireland,O,2019,351753
Actual,Ireland,T,2019,646596
Actual,Israel,AD,2019,162662
Actual,Israel,I,2019,14002
Actual,Israel,O,2019,28393
Actual,Israel,T,2019,205057
Actual,Italy,AD,2019,1013314
Actual,Italy,I,2019,298629
Actual,Italy,O,2019,650239
Actual,Italy,T,2019,1962182
Actual,Latvia,AD,2019,86089
Actual,Latvia,I,2019,964
Actual,Latvia,O,2019,210973
Actual,Latvia,T,2019,298026
Actual,Lithuania,AD,2019,60477
Actual,Lithuania,I,2019,3283
Actual,Lithuania,O,2019,239406
Actual,Lithuania,T,2019,303166
Actual,Malta,AD,2019,57697
Actual,Malta,I,2019,242
Actual,Malta,O,2019,72291
Actual,Malta,T,2019,130230
Actual,Moldova,AD,2019,27316
Actual,Moldova,I,2019,35
Actual,Moldova,O,2019,27949
Actual,Moldova,T,2019,55300
Actual,Morocco,AD,2019,170733
Actual,Morocco,I,2019,29525
Actual,Morocco,O,2019,242675
Actual,Morocco,T,2019,442933
Actual,NEFAB,AD,2019,475625
Actual,NEFAB,I,2019,363488
Actual,NEFAB,O,2019,242897
Actual,NEFAB,T,2019,1082010
Actual,Netherlands,AD,2019,594684
Actual,Netherlands,I,2019,16897
Actual,Netherlands,O,2019,719954
Actual,Netherlands,T,2019,1331535
Actual,North Macedonia,AD,2019,21340
Actual,North Macedonia,I,2019,22
Actual,North Macedonia,O,2019,201239
Actual,North Macedonia,T,2019,222601
Actual,Norway-Continental,AD,2019,235694
Actual,Norway-Continental,I,2019,276927
Actual,Norway-Continental,O,2019,78651
Actual,Norway-Continental,T,2019,591272
Actual,Poland,AD,2019,368450
Actual,Poland,I,2019,43806
Actual,Poland,O,2019,500217
Actual,Poland,T,2019,912473
Actual,Portugal,AD,2019,346301
Actual,Portugal,I,2019,59924
Actual,Portugal,O,2019,326714
Actual,Portugal,T,2019,732939
Actual,Portugal-Continental,AD,2019,352986
Actual,Portugal-Continental,I,2019,31960
Actual,Portugal-Continental,O,2019,266277
Actual,Portugal-Continental,T,2019,651223
Actual,Portugal-SantaMaria,AD,2019,17591
Actual,Portugal-SantaMaria,I,2019,15826
Actual,Portugal-SantaMaria,O,2019,133848
Actual,Portugal-SantaMaria,T,2019,167265
Actual,Romania,AD,2019,164114
Actual,Romania,I,2019,23564
Actual,Romania,O,2019,559552
Actual,Romania,T,2019,747230
Actual,SES-RP2,AD,2019,2480653
Actual,SES-RP2,I,2019,7468097
Actual,SES-RP2,O,2019,386313
Actual,SES-RP2,T,2019,10335063
Actual,SES-RP3,AD,2019,3519168
Actual,SES-RP3,I,2019,5691879
Actual,SES-RP3,O,2019,773787
Actual,SES-RP3,T,2019,9984834
Actual,Serbia/Montenegro,AD,2019,105827
Actual,Serbia/Montenegro,I,2019,8110
Actual,Serbia/Montenegro,O,2019,650272
Actual,Serbia/Montenegro,T,2019,764209
Actual,Slovakia,AD,2019,31533
Actual,Slovakia,I,2019,1985
Actual,Slovakia,O,2019,528363
Actual,Slovakia,T,2019,561881
Actual,Slovenia,AD,2019,30078
Actual,Slovenia,I,2019,1188
Actual,Slovenia,O,2019,428342
Actual,Slovenia,T,2019,459608
Actual,South West FAB,AD,2019,1507948
Actual,South West FAB,I,2019,510350
Actual,South West FAB,O,2019,202711
Actual,South West FAB,T,2019,2221009
Actual,Spain,AD,2019,1251515
Actual,Spain,I,2019,434718
Actual,Spain,O,2019,465485
Actual,Spain,T,2019,2151718
Actual,Spain-Canaries,AD,2019,215155
Actual,Spain-Canaries,I,2019,92231
Actual,Spain-Canaries,O,2019,50440
Actual,Spain-Canaries,T,2019,357826
Actual,Spain-Continental,AD,2019,1160394
Actual,Spain-Continental,I,2019,275865
Actual,Spain-Continental,O,2019,581731
Actual,Spain-Continental,T,2019,2017990
Actual,Sweden,AD,2019,277426
Actual,Sweden,I,2019,127398
Actual,Sweden,O,2019,418584
Actual,Sweden,T,2019,823408
Actual,Switzerland,AD,2019,463405
Actual,Switzerland,I,2019,18030
Actual,Switzerland,O,2019,695170
Actual,Switzerland,T,2019,1176605
Actual,Türkiye,AD,2019,686920
Actual,Türkiye,I,2019,337511
Actual,Türkiye,O,2019,522911
Actual,Türkiye,T,2019,1547342
Actual,UK-Continental,AD,2019,1766030
Actual,UK-Continental,I,2019,361324
Actual,UK-Continental,O,2019,452877
Actual,UK-Continental,T,2019,2580231
Actual,UK-Ireland FAB,AD,2019,1810502
Actual,UK-Ireland FAB,I,2019,489844
Actual,UK-Ireland FAB,O,2019,320416
Actual,UK-Ireland FAB,T,2019,2620762
Actual,Ukraine,AD,2019,163270
Actual,Ukraine,I,2019,18454
Actual,Ukraine,O,2019,124766
Actual,Ukraine,T,2019,306490
Actual,NM Area,AD,2020,880745
Actual,NM Area,I,2020,4050524
Actual,NM Area,O,2020,53242
Actual,NM Area,T,2020,4984511
Actual,Albania,AD,2020,15278
Actual,Albania,I,2020,5
Actual,Albania,O,2020,86402
Actual,Albania,T,2020,101685
Actual,Armenia,AD,2020,9756
Actual,Armenia,I,2020,7
Actual,Armenia,O,2020,10878
Actual,Armenia,T,2020,20641
Actual,Austria,AD,2020,137840
Actual,Austria,I,2020,9807
Actual,Austria,O,2020,442433
Actual,Austria,T,2020,590080
Actual,Azerbaijan,AD,2020,23150
Actual,Azerbaijan,I,2020,1733
Actual,Azerbaijan,O,2020,43832
Actual,Azerbaijan,T,2020,68715
Actual,BLUE MED FAB,AD,2020,493872
Actual,BLUE MED FAB,I,2020,262518
Actual,BLUE MED FAB,O,2020,368205
Actual,BLUE MED FAB,T,2020,1124595
Actual,Baltic FAB,AD,2020,172469
Actual,Baltic FAB,I,2020,33537
Actual,Baltic FAB,O,2020,227632
Actual,Baltic FAB,T,2020,433638
Actual,Belgium/Luxembourg,AD,2020,204036
Actual,Belgium/Luxembourg,I,2020,4309
Actual,Belgium/Luxembourg,O,2020,333109
Actual,Belgium/Luxembourg,T,2020,541454
Actual,Bosnia and Herzegovina,AD,2020,8494
Actual,Bosnia and Herzegovina,I,2020,100
Actual,Bosnia and Herzegovina,O,2020,175670
Actual,Bosnia and Herzegovina,T,2020,184264
Actual,Bulgaria,AD,2020,41895
Actual,Bulgaria,I,2020,2974
Actual,Bulgaria,O,2020,331311
Actual,Bulgaria,T,2020,376180
Actual,Croatia,AD,2020,38970
Actual,Croatia,I,2020,7083
Actual,Croatia,O,2020,255046
Actual,Croatia,T,2020,301099
Actual,Cyprus,AD,2020,33546
Actual,Cyprus,I,2020,1856
Actual,Cyprus,O,2020,128808
Actual,Cyprus,T,2020,164210
Actual,Czech Republic,AD,2020,58541
Actual,Czech Republic,I,2020,6510
Actual,Czech Republic,O,2020,274639
Actual,Czech Republic,T,2020,339690
Actual,DK-SE FAB,AD,2020,189555
Actual,DK-SE FAB,I,2020,97669
Actual,DK-SE FAB,O,2020,161263
Actual,DK-SE FAB,T,2020,448487
Actual,Danube FAB,AD,2020,110241
Actual,Danube FAB,I,2020,17794
Actual,Danube FAB,O,2020,330846
Actual,Danube FAB,T,2020,458881
Actual,Denmark,AD,2020,109300
Actual,Denmark,I,2020,24967
Actual,Denmark,O,2020,140241
Actual,Denmark,T,2020,274508
Actual,ECAC,AD,2020,947400
Actual,ECAC,I,2020,3933023
Actual,ECAC,O,2020,98655
Actual,ECAC,T,2020,4979078
Actual,ESRA08,AD,2020,1009065
Actual,ESRA08,I,2020,3790728
Actual,ESRA08,O,2020,68805
Actual,ESRA08,T,2020,4868598
Actual,EU27,AD,2020,1476276
Actual,EU27,I,2020,2313953
Actual,EU27,O,2020,446849
Actual,EU27,T,2020,4237078
Actual,Estonia,AD,2020,17240
Actual,Estonia,I,2020,3405
Actual,Estonia,O,2020,76483
Actual,Estonia,T,2020,97128
Actual,FAB CE,AD,2020,282900
Actual,FAB CE,I,2020,45227
Actual,FAB CE,O,2020,654204
Actual,FAB CE,T,2020,982331
Actual,FABEC,AD,2020,1464918
Actual,FABEC,I,2020,660530
Actual,FABEC,O,2020,593129
Actual,FABEC,T,2020,2718577
Actual,Finland,AD,2020,61726
Actual,Finland,I,2020,24268
Actual,Finland,O,2020,33059
Actual,Finland,T,2020,119053
Actual,France,AD,2020,477907
Actual,France,I,2020,243217
Actual,France,O,2020,668691
Actual,France,T,2020,1389815
Actual,Georgia,AD,2020,12349
Actual,Georgia,I,2020,363
Actual,Georgia,O,2020,52023
Actual,Georgia,T,2020,64735
Actual,Germany,AD,2020,724242
Actual,Germany,I,2020,172697
Actual,Germany,O,2020,582183
Actual,Germany,T,2020,1479122
Actual,Greece,AD,2020,132600
Actual,Greece,I,2020,73355
Actual,Greece,O,2020,176591
Actual,Greece,T,2020,382546
Actual,Hungary,AD,2020,51896
Actual,Hungary,I,2020,932
Actual,Hungary,O,2020,328432
Actual,Hungary,T,2020,381260
Actual,Iceland,AD,2020,19467
Actual,Iceland,I,2020,9399
Actual,Iceland,O,2020,55958
Actual,Iceland,T,2020,84824
Actual,Ireland,AD,2020,102542
Actual,Ireland,I,2020,6325
Actual,Ireland,O,2020,154240
Actual,Ireland,T,2020,263107
Actual,Israel,AD,2020,50596
Actual,Israel,I,2020,6215
Actual,Israel,O,2020,10437
Actual,Israel,T,2020,67248
Actual,Italy,AD,2020,351524
Actual,Italy,I,2020,163202
Actual,Italy,O,2020,266946
Actual,Italy,T,2020,781672
Actual,Latvia,AD,2020,34898
Actual,Latvia,I,2020,652
Actual,Latvia,O,2020,94990
Actual,Latvia,T,2020,130540
Actual,Lithuania,AD,2020,27864
Actual,Lithuania,I,2020,2594
Actual,Lithuania,O,2020,108878
Actual,Lithuania,T,2020,139336
Actual,Malta,AD,2020,23660
Actual,Malta,I,2020,323
Actual,Malta,O,2020,32049
Actual,Malta,T,2020,56032
Actual,Moldova,AD,2020,9819
Actual,Moldova,I,2020,17
Actual,Moldova,O,2020,11869
Actual,Moldova,T,2020,21705
Actual,Morocco,AD,2020,55736
Actual,Morocco,I,2020,14317
Actual,Morocco,O,2020,108850
Actual,Morocco,T,2020,178903
Actual,NEFAB,AD,2020,182010
Actual,NEFAB,I,2020,255692
Actual,NEFAB,O,2020,120539
Actual,NEFAB,T,2020,558241
Actual,Netherlands,AD,2020,278308
Actual,Netherlands,I,2020,15819
Actual,Netherlands,O,2020,301676
Actual,Netherlands,T,2020,595803
Actual,North Macedonia,AD,2020,8886
Actual,North Macedonia,I,2020,28
Actual,North Macedonia,O,2020,86532
Actual,North Macedonia,T,2020,95446
Actual,Norway-Continental,AD,2020,93971
Actual,Norway-Continental,I,2020,213779
Actual,Norway-Continental,O,2020,36581
Actual,Norway-Continental,T,2020,344331
Actual,Poland,AD,2020,149013
Actual,Poland,I,2020,28739
Actual,Poland,O,2020,199164
Actual,Poland,T,2020,376916
Actual,Portugal,AD,2020,142859
Actual,Portugal,I,2020,34097
Actual,Portugal,O,2020,133743
Actual,Portugal,T,2020,310699
Actual,Portugal-Continental,AD,2020,146304
Actual,Portugal-Continental,I,2020,16192
Actual,Portugal-Continental,O,2020,104109
Actual,Portugal-Continental,T,2020,266605
Actual,Portugal-SantaMaria,AD,2020,10343
Actual,Portugal-SantaMaria,I,2020,11011
Actual,Portugal-SantaMaria,O,2020,57019
Actual,Portugal-SantaMaria,T,2020,78373
Actual,Romania,AD,2020,70384
Actual,Romania,I,2020,13801
Actual,Romania,O,2020,235809
Actual,Romania,T,2020,319994
Actual,SES-RP2,AD,2020,1027765
Actual,SES-RP2,I,2020,3396847
Actual,SES-RP2,O,2020,184664
Actual,SES-RP2,T,2020,4609276
Actual,SES-RP3,AD,2020,1377373
Actual,SES-RP3,I,2020,2721907
Actual,SES-RP3,O,2020,356482
Actual,SES-RP3,T,2020,4455762
Actual,Serbia/Montenegro,AD,2020,48003
Actual,Serbia/Montenegro,I,2020,5190
Actual,Serbia/Montenegro,O,2020,284183
Actual,Serbia/Montenegro,T,2020,337376
Actual,Slovakia,AD,2020,11977
Actual,Slovakia,I,2020,1567
Actual,Slovakia,O,2020,187239
Actual,Slovakia,T,2020,200783
Actual,Slovenia,AD,2020,11702
Actual,Slovenia,I,2020,910
Actual,Slovenia,O,2020,182671
Actual,Slovenia,T,2020,195283
Actual,South West FAB,AD,2020,541830
Actual,South West FAB,I,2020,265631
Actual,South West FAB,O,2020,77612
Actual,South West FAB,T,2020,885073
Actual,Spain,AD,2020,431702
Actual,Spain,I,2020,233756
Actual,Spain,O,2020,188086
Actual,Spain,T,2020,853544
Actual,Spain-Canaries,AD,2020,95830
Actual,Spain-Canaries,I,2020,56204
Actual,Spain-Canaries,O,2020,20512
Actual,Spain-Canaries,T,2020,172546
Actual,Spain-Continental,AD,2020,404132
Actual,Spain-Continental,I,2020,141017
Actual,Spain-Continental,O,2020,234875
Actual,Spain-Continental,T,2020,780024
Actual,Sweden,AD,2020,100241
Actual,Sweden,I,2020,62575
Actual,Sweden,O,2020,188359
Actual,Sweden,T,2020,351175
Actual,Switzerland,AD,2020,200551
Actual,Switzerland,I,2020,13306
Actual,Switzerland,O,2020,263150
Actual,Switzerland,T,2020,477007
Actual,Türkiye,AD,2020,272751
Actual,Türkiye,I,2020,198395
Actual,Türkiye,O,2020,222050
Actual,Türkiye,T,2020,693196
Actual,UK-Continental,AD,2020,670783
Actual,UK-Continental,I,2020,158732
Actual,UK-Continental,O,2020,199651
Actual,UK-Continental,T,2020,1029166
Actual,UK-Ireland FAB,AD,2020,691635
Actual,UK-Ireland FAB,I,2020,205902
Actual,UK-Ireland FAB,O,2020,147163
Actual,UK-Ireland FAB,T,2020,1044700
Actual,Ukraine,AD,2020,68686
Actual,Ukraine,I,2020,11493
Actual,Ukraine,O,2020,44715
Actual,Ukraine,T,2020,124894
Actual,NM Area,AD,2021,1099721
Actual,NM Area,I,2021,5052462
Actual,NM Area,O,2021,88680
Actual,NM Area,T,2021,6240863
Actual,Albania,AD,2021,26252
Actual,Albania,I,2021,27
Actual,Albania,O,2021,127737
Actual,Albania,T,2021,154016
Actual,Armenia,AD,2021,20683
Actual,Armenia,I,2021,10
Actual,Armenia,O,2021,13786
Actual,Armenia,T,2021,34479
Actual,Austria,AD,2021,160232
Actual,Austria,I,2021,10509
Actual,Austria,O,2021,568726
Actual,Austria,T,2021,739467
Actual,Azerbaijan,AD,2021,29486
Actual,Azerbaijan,I,2021,4187
Actual,Azerbaijan,O,2021,47107
Actual,Azerbaijan,T,2021,80780
Actual,BLUE MED FAB,AD,2021,716852
Actual,BLUE MED FAB,I,2021,363001
Actual,BLUE MED FAB,O,2021,537961
Actual,BLUE MED FAB,T,2021,1617814
Actual,Baltic FAB,AD,2021,220183
Actual,Baltic FAB,I,2021,33758
Actual,Baltic FAB,O,2021,277742
Actual,Baltic FAB,T,2021,531683
Actual,Belgium/Luxembourg,AD,2021,252416
Actual,Belgium/Luxembourg,I,2021,6506
Actual,Belgium/Luxembourg,O,2021,379613
Actual,Belgium/Luxembourg,T,2021,638535
Actual,Bosnia and Herzegovina,AD,2021,15271
Actual,Bosnia and Herzegovina,I,2021,143
Actual,Bosnia and Herzegovina,O,2021,247753
Actual,Bosnia and Herzegovina,T,2021,263167
Actual,Bulgaria,AD,2021,52267
Actual,Bulgaria,I,2021,3451
Actual,Bulgaria,O,2021,460706
Actual,Bulgaria,T,2021,516424
Actual,Croatia,AD,2021,64219
Actual,Croatia,I,2021,9386
Actual,Croatia,O,2021,387309
Actual,Croatia,T,2021,460914
Actual,Cyprus,AD,2021,52945
Actual,Cyprus,I,2021,1908
Actual,Cyprus,O,2021,197533
Actual,Cyprus,T,2021,252386
Actual,Czech Republic,AD,2021,68765
Actual,Czech Republic,I,2021,7932
Actual,Czech Republic,O,2021,327248
Actual,Czech Republic,T,2021,403945
Actual,DK-SE FAB,AD,2021,214815
Actual,DK-SE FAB,I,2021,103168
Actual,DK-SE FAB,O,2021,173854
Actual,DK-SE FAB,T,2021,491837
Actual,Danube FAB,AD,2021,150072
Actual,Danube FAB,I,2021,22946
Actual,Danube FAB,O,2021,461359
Actual,Danube FAB,T,2021,634377
Actual,Denmark,AD,2021,121958
Actual,Denmark,I,2021,27710
Actual,Denmark,O,2021,150460
Actual,Denmark,T,2021,300128
Actual,ECAC,AD,2021,1194049
Actual,ECAC,I,2021,4887581
Actual,ECAC,O,2021,149122
Actual,ECAC,T,2021,6230752
Actual,ESRA08,AD,2021,1271980
Actual,ESRA08,I,2021,4697206
Actual,ESRA08,O,2021,105079
Actual,ESRA08,T,2021,6074265
Actual,EU27,AD,2021,1755106
Actual,EU27,I,2021,2959646
Actual,EU27,O,2021,547918
Actual,EU27,T,2021,5262670
Actual,Estonia,AD,2021,20663
Actual,Estonia,I,2021,3763
Actual,Estonia,O,2021,85696
Actual,Estonia,T,2021,110122
Actual,FAB CE,AD,2021,351688
Actual,FAB CE,I,2021,55287
Actual,FAB CE,O,2021,863543
Actual,FAB CE,T,2021,1270518
Actual,FABEC,AD,2021,1824895
Actual,FABEC,I,2021,748059
Actual,FABEC,O,2021,702705
Actual,FABEC,T,2021,3275659
Actual,Finland,AD,2021,60246
Actual,Finland,I,2021,25005
Actual,Finland,O,2021,38055
Actual,Finland,T,2021,123306
Actual,France,AD,2021,615421
Actual,France,I,2021,303939
Actual,France,O,2021,894029
Actual,France,T,2021,1813389
Actual,Georgia,AD,2021,27878
Actual,Georgia,I,2021,518
Actual,Georgia,O,2021,56741
Actual,Georgia,T,2021,85137
Actual,Germany,AD,2021,873145
Actual,Germany,I,2021,163419
Actual,Germany,O,2021,675157
Actual,Germany,T,2021,1711721
Actual,Greece,AD,2021,237586
Actual,Greece,I,2021,98513
Actual,Greece,O,2021,233158
Actual,Greece,T,2021,569257
Actual,Hungary,AD,2021,59737
Actual,Hungary,I,2021,1342
Actual,Hungary,O,2021,430036
Actual,Hungary,T,2021,491115
Actual,Iceland,AD,2021,28859
Actual,Iceland,I,2021,12916
Actual,Iceland,O,2021,69321
Actual,Iceland,T,2021,111096
Actual,Ireland,AD,2021,105178
Actual,Ireland,I,2021,6387
Actual,Ireland,O,2021,188376
Actual,Ireland,T,2021,299941
Actual,Israel,AD,2021,67764
Actual,Israel,I,2021,12291
Actual,Israel,O,2021,21568
Actual,Israel,T,2021,101623
Actual,Italy,AD,2021,473283
Actual,Italy,I,2021,222733
Actual,Italy,O,2021,409886
Actual,Italy,T,2021,1105902
Actual,Latvia,AD,2021,38289
Actual,Latvia,I,2021,565
Actual,Latvia,O,2021,125125
Actual,Latvia,T,2021,163979
Actual,Lithuania,AD,2021,31795
Actual,Lithuania,I,2021,2022
Actual,Lithuania,O,2021,144598
Actual,Lithuania,T,2021,178415
Actual,Malta,AD,2021,31895
Actual,Malta,I,2021,302
Actual,Malta,O,2021,39960
Actual,Malta,T,2021,72157
Actual,Moldova,AD,2021,16777
Actual,Moldova,I,2021,16
Actual,Moldova,O,2021,15856
Actual,Moldova,T,2021,32649
Actual,Morocco,AD,2021,83355
Actual,Morocco,I,2021,19544
Actual,Morocco,O,2021,150080
Actual,Morocco,T,2021,252979
Actual,NEFAB,AD,2021,185335
Actual,NEFAB,I,2021,278188
Actual,NEFAB,O,2021,158675
Actual,NEFAB,T,2021,622198
Actual,Netherlands,AD,2021,329510
Actual,Netherlands,I,2021,15826
Actual,Netherlands,O,2021,307218
Actual,Netherlands,T,2021,652554
Actual,North Macedonia,AD,2021,14350
Actual,North Macedonia,I,2021,77
Actual,North Macedonia,O,2021,140512
Actual,North Macedonia,T,2021,154939
Actual,Norway-Continental,AD,2021,90651
Actual,Norway-Continental,I,2021,235883
Actual,Norway-Continental,O,2021,47303
Actual,Norway-Continental,T,2021,373837
Actual,Poland,AD,2021,192634
Actual,Poland,I,2021,29613
Actual,Poland,O,2021,250951
Actual,Poland,T,2021,473198
Actual,Portugal,AD,2021,186875
Actual,Portugal,I,2021,45622
Actual,Portugal,O,2021,168816
Actual,Portugal,T,2021,401313
Actual,Portugal-Continental,AD,2021,192491
Actual,Portugal-Continental,I,2021,21006
Actual,Portugal-Continental,O,2021,131993
Actual,Portugal-Continental,T,2021,345490
Actual,Portugal-SantaMaria,AD,2021,13606
Actual,Portugal-SantaMaria,I,2021,15005
Actual,Portugal-SantaMaria,O,2021,70396
Actual,Portugal-SantaMaria,T,2021,99007
Actual,Romania,AD,2021,101419
Actual,Romania,I,2021,17688
Actual,Romania,O,2021,334513
Actual,Romania,T,2021,453620
Actual,SES-RP2,AD,2021,1291106
Actual,SES-RP2,I,2021,4095875
Actual,SES-RP2,O,2021,289808
Actual,SES-RP2,T,2021,5676789
Actual,SES-RP3,AD,2021,1619547
Actual,SES-RP3,I,2021,3421140
Actual,SES-RP3,O,2021,458430
Actual,SES-RP3,T,2021,5499117
Actual,Serbia/Montenegro,AD,2021,74761
Actual,Serbia/Montenegro,I,2021,7687
Actual,Serbia/Montenegro,O,2021,393202
Actual,Serbia/Montenegro,T,2021,475650
Actual,Slovakia,AD,2021,14752
Actual,Slovakia,I,2021,1472
Actual,Slovakia,O,2021,254383
Actual,Slovakia,T,2021,270607
Actual,Slovenia,AD,2021,15210
Actual,Slovenia,I,2021,1135
Actual,Slovenia,O,2021,262466
Actual,Slovenia,T,2021,278811
Actual,South West FAB,AD,2021,775920
Actual,South West FAB,I,2021,355551
Actual,South West FAB,O,2021,102913
Actual,South West FAB,T,2021,1234384
Actual,Spain,AD,2021,628665
Actual,Spain,I,2021,315717
Actual,Spain,O,2021,247258
Actual,Spain,T,2021,1191640
Actual,Spain-Canaries,AD,2021,129494
Actual,Spain-Canaries,I,2021,65748
Actual,Spain-Canaries,O,2021,24659
Actual,Spain-Canaries,T,2021,219901
Actual,Spain-Continental,AD,2021,600679
Actual,Spain-Continental,I,2021,195425
Actual,Spain-Continental,O,2021,310453
Actual,Spain-Continental,T,2021,1106557
Actual,Sweden,AD,2021,110653
Actual,Sweden,I,2021,66319
Actual,Sweden,O,2021,203386
Actual,Sweden,T,2021,380358
Actual,Switzerland,AD,2021,239931
Actual,Switzerland,I,2021,14026
Actual,Switzerland,O,2021,369248
Actual,Switzerland,T,2021,623205
Actual,Türkiye,AD,2021,453449
Actual,Türkiye,I,2021,260011
Actual,Türkiye,O,2021,297188
Actual,Türkiye,T,2021,1010648
Actual,UK-Continental,AD,2021,624648
Actual,UK-Continental,I,2021,191318
Actual,UK-Continental,O,2021,247088
Actual,UK-Continental,T,2021,1063054
Actual,UK-Ireland FAB,AD,2021,662490
Actual,UK-Ireland FAB,I,2021,231373
Actual,UK-Ireland FAB,O,2021,187698
Actual,UK-Ireland FAB,T,2021,1081561
Actual,Ukraine,AD,2021,116951
Actual,Ukraine,I,2021,16640
Actual,Ukraine,O,2021,77918
Actual,Ukraine,T,2021,211509
Actual,NM Area,AD,2022,1531417
Actual,NM Area,I,2022,7620831
Actual,NM Area,O,2022,100840
Actual,NM Area,T,2022,9253088
Actual,Albania,AD,2022,38914
Actual,Albania,I,2022,69
Actual,Albania,O,2022,211110
Actual,Albania,T,2022,250093
Actual,Armenia,AD,2022,35172
Actual,Armenia,I,2022,12
Actual,Armenia,O,2022,43743
Actual,Armenia,T,2022,78927
Actual,Austria,AD,2022,258828
Actual,Austria,I,2022,11218
Actual,Austria,O,2022,997237
Actual,Austria,T,2022,1267283
Actual,Azerbaijan,AD,2022,48028
Actual,Azerbaijan,I,2022,6090
Actual,Azerbaijan,O,2022,116421
Actual,Azerbaijan,T,2022,170539
Actual,BLUE MED FAB,AD,2022,1207234
Actual,BLUE MED FAB,I,2022,476889
Actual,BLUE MED FAB,O,2022,828993
Actual,BLUE MED FAB,T,2022,2513116
Actual,Baltic FAB,AD,2022,355944
Actual,Baltic FAB,I,2022,47698
Actual,Baltic FAB,O,2022,283494
Actual,Baltic FAB,T,2022,687136
Actual,Belgium/Luxembourg,AD,2022,353340
Actual,Belgium/Luxembourg,I,2022,5926
Actual,Belgium/Luxembourg,O,2022,664030
Actual,Belgium/Luxembourg,T,2022,1023296
Actual,Bosnia and Herzegovina,AD,2022,21709
Actual,Bosnia and Herzegovina,I,2022,151
Actual,Bosnia and Herzegovina,O,2022,401929
Actual,Bosnia and Herzegovina,T,2022,423789
Actual,Bulgaria,AD,2022,72365
Actual,Bulgaria,I,2022,3734
Actual,Bulgaria,O,2022,746078
Actual,Bulgaria,T,2022,822177
Actual,Croatia,AD,2022,96474
Actual,Croatia,I,2022,8876
Actual,Croatia,O,2022,608086
Actual,Croatia,T,2022,713436
Actual,Cyprus,AD,2022,72971
Actual,Cyprus,I,2022,1958
Actual,Cyprus,O,2022,269037
Actual,Cyprus,T,2022,343966
Actual,Czech Republic,AD,2022,112330
Actual,Czech Republic,I,2022,6098
Actual,Czech Republic,O,2022,497647
Actual,Czech Republic,T,2022,616075
Actual,DK-SE FAB,AD,2022,402751
Actual,DK-SE FAB,I,2022,142594
Actual,DK-SE FAB,O,2022,269212
Actual,DK-SE FAB,T,2022,814557
Actual,Danube FAB,AD,2022,217316
Actual,Danube FAB,I,2022,27906
Actual,Danube FAB,O,2022,729100
Actual,Danube FAB,T,2022,974322
Actual,Denmark,AD,2022,235627
Actual,Denmark,I,2022,34087
Actual,Denmark,O,2022,234902
Actual,Denmark,T,2022,504616
Actual,ECAC,AD,2022,1717166
Actual,ECAC,I,2022,7349196
Actual,ECAC,O,2022,171331
Actual,ECAC,T,2022,9237693
Actual,ESRA08,AD,2022,1842808
Actual,ESRA08,I,2022,7065401
Actual,ESRA08,O,2022,147406
Actual,ESRA08,T,2022,9055615
Actual,EU27,AD,2022,2977574
Actual,EU27,I,2022,4293932
Actual,EU27,O,2022,805199
Actual,EU27,T,2022,8076705
Actual,Estonia,AD,2022,32618
Actual,Estonia,I,2022,4093
Actual,Estonia,O,2022,106018
Actual,Estonia,T,2022,142729
Actual,FAB CE,AD,2022,580072
Actual,FAB CE,I,2022,60252
Actual,FAB CE,O,2022,1458255
Actual,FAB CE,T,2022,2098579
Actual,FABEC,AD,2022,2885343
Actual,FABEC,I,2022,949106
Actual,FABEC,O,2022,1443443
Actual,FABEC,T,2022,5277892
Actual,Finland,AD,2022,119680
Actual,Finland,I,2022,32704
Actual,Finland,O,2022,53093
Actual,Finland,T,2022,205477
Actual,France,AD,2022,1021277
Actual,France,I,2022,338327
Actual,France,O,2022,1611829
Actual,France,T,2022,2971433
Actual,Georgia,AD,2022,39492
Actual,Georgia,I,2022,705
Actual,Georgia,O,2022,104440
Actual,Georgia,T,2022,144637
Actual,Germany,AD,2022,1335635
Actual,Germany,I,2022,210308
Actual,Germany,O,2022,1166609
Actual,Germany,T,2022,2712552
Actual,Greece,AD,2022,347226
Actual,Greece,I,2022,118796
Actual,Greece,O,2022,429925
Actual,Greece,T,2022,895947
Actual,Hungary,AD,2022,105717
Actual,Hungary,I,2022,1079
Actual,Hungary,O,2022,789904
Actual,Hungary,T,2022,896700
Actual,Iceland,AD,2022,55287
Actual,Iceland,I,2022,13716
Actual,Iceland,O,2022,108854
Actual,Iceland,T,2022,177857
Actual,Ireland,AD,2022,254910
Actual,Ireland,I,2022,5524
Actual,Ireland,O,2022,321784
Actual,Ireland,T,2022,582218
Actual,Israel,AD,2022,134986
Actual,Israel,I,2022,14395
Actual,Israel,O,2022,35123
Actual,Israel,T,2022,184504
Actual,Italy,AD,2022,857605
Actual,Italy,I,2022,296511
Actual,Italy,O,2022,633892
Actual,Italy,T,2022,1788008
Actual,Latvia,AD,2022,54926
Actual,Latvia,I,2022,790
Actual,Latvia,O,2022,134015
Actual,Latvia,T,2022,189731
Actual,Lithuania,AD,2022,49651
Actual,Lithuania,I,2022,2044
Actual,Lithuania,O,2022,132737
Actual,Lithuania,T,2022,184432
Actual,Malta,AD,2022,47519
Actual,Malta,I,2022,479
Actual,Malta,O,2022,52611
Actual,Malta,T,2022,100609
Actual,Moldova,AD,2022,19627
Actual,Moldova,I,2022,30
Actual,Moldova,O,2022,1983
Actual,Moldova,T,2022,21640
Actual,Morocco,AD,2022,148985
Actual,Morocco,I,2022,21850
Actual,Morocco,O,2022,252537
Actual,Morocco,T,2022,423372
Actual,NEFAB,AD,2022,348983
Actual,NEFAB,I,2022,334523
Actual,NEFAB,O,2022,152517
Actual,NEFAB,T,2022,836023
Actual,Netherlands,AD,2022,499934
Actual,Netherlands,I,2022,17559
Actual,Netherlands,O,2022,574569
Actual,Netherlands,T,2022,1092062
Actual,North Macedonia,AD,2022,18746
Actual,North Macedonia,I,2022,22
Actual,North Macedonia,O,2022,214933
Actual,North Macedonia,T,2022,233701
Actual,Norway-Continental,AD,2022,190059
Actual,Norway-Continental,I,2022,271695
Actual,Norway-Continental,O,2022,62983
Actual,Norway-Continental,T,2022,524737
Actual,Poland,AD,2022,313787
Actual,Poland,I,2022,41907
Actual,Poland,O,2022,271270
Actual,Poland,T,2022,626964
Actual,Portugal,AD,2022,332257
Actual,Portugal,I,2022,60335
Actual,Portugal,O,2022,301523
Actual,Portugal,T,2022,694115
Actual,Portugal-Continental,AD,2022,339029
Actual,Portugal-Continental,I,2022,29714
Actual,Portugal-Continental,O,2022,240886
Actual,Portugal-Continental,T,2022,609629
Actual,Portugal-SantaMaria,AD,2022,18754
Actual,Portugal-SantaMaria,I,2022,17858
Actual,Portugal-SantaMaria,O,2022,122586
Actual,Portugal-SantaMaria,T,2022,159198
Actual,Romania,AD,2022,148097
Actual,Romania,I,2022,22599
Actual,Romania,O,2022,485703
Actual,Romania,T,2022,656399
Actual,SES-RP2,AD,2022,1915672
Actual,SES-RP2,I,2022,6373759
Actual,SES-RP2,O,2022,318022
Actual,SES-RP2,T,2022,8607453
Actual,SES-RP3,AD,2022,2740732
Actual,SES-RP3,I,2022,4964418
Actual,SES-RP3,O,2022,639768
Actual,SES-RP3,T,2022,8344918
Actual,Serbia/Montenegro,AD,2022,97759
Actual,Serbia/Montenegro,I,2022,9696
Actual,Serbia/Montenegro,O,2022,672689
Actual,Serbia/Montenegro,T,2022,780144
Actual,Slovakia,AD,2022,24844
Actual,Slovakia,I,2022,1774
Actual,Slovakia,O,2022,443580
Actual,Slovakia,T,2022,470198
Actual,Slovenia,AD,2022,20106
Actual,Slovenia,I,2022,966
Actual,Slovenia,O,2022,431822
Actual,Slovenia,T,2022,452894
Actual,South West FAB,AD,2022,1373231
Actual,South West FAB,I,2022,488494
Actual,South West FAB,O,2022,187060
Actual,South West FAB,T,2022,2048785
Actual,Spain,AD,2022,1126940
Actual,Spain,I,2022,417178
Actual,Spain,O,2022,439400
Actual,Spain,T,2022,1983518
Actual,Spain-Canaries,AD,2022,223506
Actual,Spain-Canaries,I,2022,85306
Actual,Spain-Canaries,O,2022,42970
Actual,Spain-Canaries,T,2022,351782
Actual,Spain-Continental,AD,2022,1038401
Actual,Spain-Continental,I,2022,259620
Actual,Spain-Continental,O,2022,569386
Actual,Spain-Continental,T,2022,1867407
Actual,Sweden,AD,2022,198000
Actual,Sweden,I,2022,92730
Actual,Sweden,O,2022,294219
Actual,Sweden,T,2022,584949
Actual,Switzerland,AD,2022,395353
Actual,Switzerland,I,2022,14474
Actual,Switzerland,O,2022,631986
Actual,Switzerland,T,2022,1041813
Actual,Türkiye,AD,2022,676709
Actual,Türkiye,I,2022,273717
Actual,Türkiye,O,2022,440923
Actual,Türkiye,T,2022,1391349
Actual,UK-Continental,AD,2022,1432660
Actual,UK-Continental,I,2022,271184
Actual,UK-Continental,O,2022,433140
Actual,UK-Continental,T,2022,2136984
Actual,UK-Ireland FAB,AD,2022,1498124
Actual,UK-Ireland FAB,I,2022,371431
Actual,UK-Ireland FAB,O,2022,305734
Actual,UK-Ireland FAB,T,2022,2175289
Actual,Ukraine,AD,2022,15883
Actual,Ukraine,I,2022,2377
Actual,Ukraine,O,2022,12046
Actual,Ukraine,T,2022,30306
Actual,NM Area,AD,2023,1812546
Actual,NM Area,I,2023,8223363
Actual,NM Area,O,2023,126114
Actual,NM Area,T,2023,10162023
Actual,Albania,AD,2023,50983
Actual,Albania,I,2023,21
Actual,Albania,O,2023,252097
Actual,Albania,T,2023,303101
Actual,Armenia,AD,2023,44012
Actual,Armenia,I,2023,29
Actual,Armenia,O,2023,41646
Actual,Armenia,T,2023,85687
Actual,Austria,AD,2023,291146
Actual,Austria,I,2023,10899
Actual,Austria,O,2023,1137294
Actual,Austria,T,2023,1439339
Actual,Azerbaijan,AD,2023,61536
Actual,Azerbaijan,I,2023,6563
Actual,Azerbaijan,O,2023,170824
Actual,Azerbaijan,T,2023,238923
Actual,BLUE MED FAB,AD,2023,1366106
Actual,BLUE MED FAB,I,2023,494079
Actual,BLUE MED FAB,O,2023,941552
Actual,BLUE MED FAB,T,2023,2801737
Actual,Baltic FAB,AD,2023,404043
Actual,Baltic FAB,I,2023,49747
Actual,Baltic FAB,O,2023,304264
Actual,Baltic FAB,T,2023,758054
Actual,Belgium/Luxembourg,AD,2023,367547
Actual,Belgium/Luxembourg,I,2023,5312
Actual,Belgium/Luxembourg,O,2023,784858
Actual,Belgium/Luxembourg,T,2023,1157717
Actual,Bosnia and Herzegovina,AD,2023,21500
Actual,Bosnia and Herzegovina,I,2023,129
Actual,Bosnia and Herzegovina,O,2023,471843
Actual,Bosnia and Herzegovina,T,2023,493472
Actual,Bulgaria,AD,2023,82126
Actual,Bulgaria,I,2023,3714
Actual,Bulgaria,O,2023,887727
Actual,Bulgaria,T,2023,973567
Actual,Croatia,AD,2023,102241
Actual,Croatia,I,2023,10252
Actual,Croatia,O,2023,701661
Actual,Croatia,T,2023,814154
Actual,Cyprus,AD,2023,88342
Actual,Cyprus,I,2023,1850
Actual,Cyprus,O,2023,312015
Actual,Cyprus,T,2023,402207
Actual,Czech Republic,AD,2023,132282
Actual,Czech Republic,I,2023,5281
Actual,Czech Republic,O,2023,565699
Actual,Czech Republic,T,2023,703262
Actual,DK-SE FAB,AD,2023,449127
Actual,DK-SE FAB,I,2023,145730
Actual,DK-SE FAB,O,2023,290990
Actual,DK-SE FAB,T,2023,885847
Actual,Danube FAB,AD,2023,242862
Actual,Danube FAB,I,2023,27466
Actual,Danube FAB,O,2023,860869
Actual,Danube FAB,T,2023,1131197
Actual,Denmark,AD,2023,264834
Actual,Denmark,I,2023,32518
Actual,Denmark,O,2023,261753
Actual,Denmark,T,2023,559105
Actual,ECAC,AD,2023,2022046
Actual,ECAC,I,2023,7915622
Actual,ECAC,O,2023,206590
Actual,ECAC,T,2023,10144258
Actual,ESRA08,AD,2023,2155417
Actual,ESRA08,I,2023,7600749
Actual,ESRA08,O,2023,174808
Actual,ESRA08,T,2023,9930974
Actual,EU27,AD,2023,3388778
Actual,EU27,I,2023,4538850
Actual,EU27,O,2023,932528
Actual,EU27,T,2023,8860156
Actual,Estonia,AD,2023,32417
Actual,Estonia,I,2023,3866
Actual,Estonia,O,2023,112994
Actual,Estonia,T,2023,149277
Actual,FAB CE,AD,2023,648119
Actual,FAB CE,I,2023,62194
Actual,FAB CE,O,2023,1683309
Actual,FAB CE,T,2023,2393622
Actual,FABEC,AD,2023,3162581
Actual,FABEC,I,2023,947828
Actual,FABEC,O,2023,1604472
Actual,FABEC,T,2023,5714881
Actual,Finland,AD,2023,132427
Actual,Finland,I,2023,32577
Actual,Finland,O,2023,59141
Actual,Finland,T,2023,224145
Actual,France,AD,2023,1134455
Actual,France,I,2023,320969
Actual,France,O,2023,1778473
Actual,France,T,2023,3233897
Actual,Georgia,AD,2023,48758
Actual,Georgia,I,2023,1065
Actual,Georgia,O,2023,180163
Actual,Georgia,T,2023,229986
Actual,Germany,AD,2023,1442205
Actual,Germany,I,2023,211084
Actual,Germany,O,2023,1274475
Actual,Germany,T,2023,2927764
Actual,Greece,AD,2023,374373
Actual,Greece,I,2023,127320
Actual,Greece,O,2023,499250
Actual,Greece,T,2023,1000943
Actual,Hungary,AD,2023,114900
Actual,Hungary,I,2023,1197
Actual,Hungary,O,2023,917623
Actual,Hungary,T,2023,1033720
Actual,Iceland,AD,2023,64775
Actual,Iceland,I,2023,12970
Actual,Iceland,O,2023,125551
Actual,Iceland,T,2023,203296
Actual,Ireland,AD,2023,290045
Actual,Ireland,I,2023,5683
Actual,Ireland,O,2023,368768
Actual,Ireland,T,2023,664496
Actual,Israel,AD,2023,146981
Actual,Israel,I,2023,12000
Actual,Israel,O,2023,34487
Actual,Israel,T,2023,193468
Actual,Italy,AD,2023,980690
Actual,Italy,I,2023,296457
Actual,Italy,O,2023,706257
Actual,Italy,T,2023,1983404
Actual,Latvia,AD,2023,61056
Actual,Latvia,I,2023,864
Actual,Latvia,O,2023,138446
Actual,Latvia,T,2023,200366
Actual,Lithuania,AD,2023,51553
Actual,Lithuania,I,2023,2375
Actual,Lithuania,O,2023,135283
Actual,Lithuania,T,2023,189211
Actual,Malta,AD,2023,58358
Actual,Malta,I,2023,418
Actual,Malta,O,2023,73600
Actual,Malta,T,2023,132376
Actual,Moldova,AD,2023,24034
Actual,Moldova,I,2023,11
Actual,Moldova,O,2023,93
Actual,Moldova,T,2023,24138
Actual,Morocco,AD,2023,181943
Actual,Morocco,I,2023,24473
Actual,Morocco,O,2023,271218
Actual,Morocco,T,2023,477634
Actual,NEFAB,AD,2023,378035
Actual,NEFAB,I,2023,329936
Actual,NEFAB,O,2023,167316
Actual,NEFAB,T,2023,875287
Actual,Netherlands,AD,2023,538556
Actual,Netherlands,I,2023,16528
Actual,Netherlands,O,2023,638382
Actual,Netherlands,T,2023,1193466
Actual,North Macedonia,AD,2023,23262
Actual,North Macedonia,I,2023,30
Actual,North Macedonia,O,2023,243458
Actual,North Macedonia,T,2023,266750
Actual,Norway-Continental,AD,2023,206229
Actual,Norway-Continental,I,2023,264630
Actual,Norway-Continental,O,2023,75652
Actual,Norway-Continental,T,2023,546511
Actual,Poland,AD,2023,360614
Actual,Poland,I,2023,43306
Actual,Poland,O,2023,293293
Actual,Poland,T,2023,697213
Actual,Portugal,AD,2023,373766
Actual,Portugal,I,2023,63961
Actual,Portugal,O,2023,329739
Actual,Portugal,T,2023,767466
Actual,Portugal-Continental,AD,2023,380328
Actual,Portugal-Continental,I,2023,31609
Actual,Portugal-Continental,O,2023,264636
Actual,Portugal-Continental,T,2023,676573
Actual,Portugal-SantaMaria,AD,2023,19626
Actual,Portugal-SantaMaria,I,2023,19258
Actual,Portugal-SantaMaria,O,2023,142065
Actual,Portugal-SantaMaria,T,2023,180949
Actual,Romania,AD,2023,164082
Actual,Romania,I,2023,22079
Actual,Romania,O,2023,582468
Actual,Romania,T,2023,768629
Actual,SES-RP2,AD,2023,2236439
Actual,SES-RP2,I,2023,6799535
Actual,SES-RP2,O,2023,365535
Actual,SES-RP2,T,2023,9401509
Actual,SES-RP3,AD,2023,3134389
Actual,SES-RP3,I,2023,5236323
Actual,SES-RP3,O,2023,745969
Actual,SES-RP3,T,2023,9116681
Actual,Serbia/Montenegro,AD,2023,119877
Actual,Serbia/Montenegro,I,2023,9402
Actual,Serbia/Montenegro,O,2023,771133
Actual,Serbia/Montenegro,T,2023,900412
Actual,Slovakia,AD,2023,27192
Actual,Slovakia,I,2023,1783
Actual,Slovakia,O,2023,501353
Actual,Slovakia,T,2023,530328
Actual,Slovenia,AD,2023,22010
Actual,Slovenia,I,2023,967
Actual,Slovenia,O,2023,476807
Actual,Slovenia,T,2023,499784
Actual,South West FAB,AD,2023,1512658
Actual,South West FAB,I,2023,524926
Actual,South West FAB,O,2023,229945
Actual,South West FAB,T,2023,2267529
Actual,Spain,AD,2023,1239440
Actual,Spain,I,2023,445054
Actual,Spain,O,2023,509787
Actual,Spain,T,2023,2194281
Actual,Spain-Canaries,AD,2023,236377
Actual,Spain-Canaries,I,2023,93559
Actual,Spain-Canaries,O,2023,50362
Actual,Spain-Canaries,T,2023,380298
Actual,Spain-Continental,AD,2023,1145488
Actual,Spain-Continental,I,2023,274990
Actual,Spain-Continental,O,2023,642392
Actual,Spain-Continental,T,2023,2062870
Actual,Sweden,AD,2023,219356
Actual,Sweden,I,2023,95344
Actual,Sweden,O,2023,321556
Actual,Sweden,T,2023,636256
Actual,Switzerland,AD,2023,433137
Actual,Switzerland,I,2023,14612
Actual,Switzerland,O,2023,644563
Actual,Switzerland,T,2023,1092312
Actual,Türkiye,AD,2023,787493
Actual,Türkiye,I,2023,317136
Actual,Türkiye,O,2023,540752
Actual,Türkiye,T,2023,1645381
Actual,UK-Continental,AD,2023,1632218
Actual,UK-Continental,I,2023,289161
Actual,UK-Continental,O,2023,458496
Actual,UK-Continental,T,2023,2379875
Actual,UK-Ireland FAB,AD,2023,1697777
Actual,UK-Ireland FAB,I,2023,407087
Actual,UK-Ireland FAB,O,2023,322847
Actual,UK-Ireland FAB,T,2023,2427711
Actual,Ukraine,AD,2023,62
Actual,Ukraine,I,2023,1
Actual,Ukraine,O,2023,1160
Actual,Ukraine,T,2023,1223
Actual,NM Area,AD,2024,1934134
Actual,NM Area,I,2024,8611887
Actual,NM Area,O,2024,142594
Actual,NM Area,T,2024,10688615
Actual,Albania,AD,2024,68546
Actual,Albania,I,2024,17
Actual,Albania,O,2024,302064
Actual,Albania,T,2024,370627
Actual,Armenia,AD,2024,39511
Actual,Armenia,I,2024,30
Actual,Armenia,O,2024,59723
Actual,Armenia,T,2024,99264
Actual,Austria,AD,2024,303110
Actual,Austria,I,2024,10735
Actual,Austria,O,2024,1193492
Actual,Austria,T,2024,1507337
Actual,Azerbaijan,AD,2024,72776
Actual,Azerbaijan,I,2024,7723
Actual,Azerbaijan,O,2024,231879
Actual,Azerbaijan,T,2024,312378
Actual,BLUE MED FAB,AD,2024,1499638
Actual,BLUE MED FAB,I,2024,519698
Actual,BLUE MED FAB,O,2024,1002558
Actual,BLUE MED FAB,T,2024,3021894
Actual,Baltic FAB,AD,2024,453122
Actual,Baltic FAB,I,2024,49523
Actual,Baltic FAB,O,2024,320449
Actual,Baltic FAB,T,2024,823094
Actual,Belgium/Luxembourg,AD,2024,381779
Actual,Belgium/Luxembourg,I,2024,5000
Actual,Belgium/Luxembourg,O,2024,813185
Actual,Belgium/Luxembourg,T,2024,1199964
Actual,Bosnia and Herzegovina,AD,2024,22438
Actual,Bosnia and Herzegovina,I,2024,189
Actual,Bosnia and Herzegovina,O,2024,509918
Actual,Bosnia and Herzegovina,T,2024,532545
Actual,Bulgaria,AD,2024,85272
Actual,Bulgaria,I,2024,3624
Actual,Bulgaria,O,2024,961562
Actual,Bulgaria,T,2024,1050458
Actual,Croatia,AD,2024,115787
Actual,Croatia,I,2024,10037
Actual,Croatia,O,2024,796558
Actual,Croatia,T,2024,922382
Actual,Cyprus,AD,2024,95017
Actual,Cyprus,I,2024,2320
Actual,Cyprus,O,2024,281704
Actual,Cyprus,T,2024,379041
Actual,Czech Republic,AD,2024,150636
Actual,Czech Republic,I,2024,5780
Actual,Czech Republic,O,2024,627954
Actual,Czech Republic,T,2024,784370
Actual,DK-SE FAB,AD,2024,469076
Actual,DK-SE FAB,I,2024,134314
Actual,DK-SE FAB,O,2024,317823
Actual,DK-SE FAB,T,2024,921213
Actual,Danube FAB,AD,2024,255986
Actual,Danube FAB,I,2024,26275
Actual,Danube FAB,O,2024,936523
Actual,Danube FAB,T,2024,1218784
Actual,Denmark,AD,2024,280844
Actual,Denmark,I,2024,29166
Actual,Denmark,O,2024,283934
Actual,Denmark,T,2024,593944
Actual,ECAC,AD,2024,2153318
Actual,ECAC,I,2024,8265099
Actual,ECAC,O,2024,215574
Actual,ECAC,T,2024,10633991
Actual,ESRA08,AD,2024,2289840
Actual,ESRA08,I,2024,7929670
Actual,ESRA08,O,2024,179654
Actual,ESRA08,T,2024,10399164
Actual,EU27,AD,2024,3601133
Actual,EU27,I,2024,4751627
Actual,EU27,O,2024,985387
Actual,EU27,T,2024,9338147
Actual,Estonia,AD,2024,37204
Actual,Estonia,I,2024,3254
Actual,Estonia,O,2024,130434
Actual,Estonia,T,2024,170892
Actual,FAB CE,AD,2024,712747
Actual,FAB CE,I,2024,64092
Actual,FAB CE,O,2024,1823745
Actual,FAB CE,T,2024,2600584
Actual,FABEC,AD,2024,3328209
Actual,FABEC,I,2024,947164
Actual,FABEC,O,2024,1753370
Actual,FABEC,T,2024,6028743
Actual,Finland,AD,2024,143175
Actual,Finland,I,2024,33040
Actual,Finland,O,2024,65661
Actual,Finland,T,2024,241876
Actual,France,AD,2024,1179926
Actual,France,I,2024,311395
Actual,France,O,2024,1951878
Actual,France,T,2024,3443199
Actual,Georgia,AD,2024,62293
Actual,Georgia,I,2024,471
Actual,Georgia,O,2024,232945
Actual,Georgia,T,2024,295709
Actual,Germany,AD,2024,1509478
Actual,Germany,I,2024,213522
Actual,Germany,O,2024,1329026
Actual,Germany,T,2024,3052026
Actual,Greece,AD,2024,406995
Actual,Greece,I,2024,135961
Actual,Greece,O,2024,532080
Actual,Greece,T,2024,1075036
Actual,Hungary,AD,2024,133579
Actual,Hungary,I,2024,1277
Actual,Hungary,O,2024,965315
Actual,Hungary,T,2024,1100171
Actual,Iceland,AD,2024,67656
Actual,Iceland,I,2024,13113
Actual,Iceland,O,2024,104975
Actual,Iceland,T,2024,185744
Actual,Ireland,AD,2024,292648
Actual,Ireland,I,2024,5819
Actual,Ireland,O,2024,380609
Actual,Ireland,T,2024,679076
Actual,Israel,AD,2024,103327
Actual,Israel,I,2024,9808
Actual,Israel,O,2024,16498
Actual,Israel,T,2024,129633
Actual,Italy,AD,2024,1079934
Actual,Italy,I,2024,306569
Actual,Italy,O,2024,777855
Actual,Italy,T,2024,2164358
Actual,Latvia,AD,2024,62794
Actual,Latvia,I,2024,1287
Actual,Latvia,O,2024,165210
Actual,Latvia,T,2024,229291
Actual,Lithuania,AD,2024,55952
Actual,Lithuania,I,2024,2188
Actual,Lithuania,O,2024,152810
Actual,Lithuania,T,2024,210950
Actual,Malta,AD,2024,65989
Actual,Malta,I,2024,497
Actual,Malta,O,2024,81078
Actual,Malta,T,2024,147564
Actual,Moldova,AD,2024,32328
Actual,Moldova,I,2024,21
Actual,Moldova,O,2024,90
Actual,Moldova,T,2024,32439
Actual,Morocco,AD,2024,209047
Actual,Morocco,I,2024,28510
Actual,Morocco,O,2024,294485
Actual,Morocco,T,2024,532042
Actual,NEFAB,AD,2024,394376
Actual,NEFAB,I,2024,325633
Actual,NEFAB,O,2024,196124
Actual,NEFAB,T,2024,916133
Actual,Netherlands,AD,2024,568286
Actual,Netherlands,I,2024,15630
Actual,Netherlands,O,2024,670025
Actual,Netherlands,T,2024,1253941
Actual,North Macedonia,AD,2024,24837
Actual,North Macedonia,I,2024,15
Actual,North Macedonia,O,2024,260333
Actual,North Macedonia,T,2024,285185
Actual,Norway-Continental,AD,2024,210398
Actual,Norway-Continental,I,2024,257445
Actual,Norway-Continental,O,2024,81241
Actual,Norway-Continental,T,2024,549084
Actual,Poland,AD,2024,406044
Actual,Poland,I,2024,42898
Actual,Poland,O,2024,309405
Actual,Poland,T,2024,758347
Actual,Portugal,AD,2024,381768
Actual,Portugal,I,2024,63593
Actual,Portugal,O,2024,370202
Actual,Portugal,T,2024,815563
Actual,Portugal-Continental,AD,2024,387744
Actual,Portugal-Continental,I,2024,30134
Actual,Portugal-Continental,O,2024,305187
Actual,Portugal-Continental,T,2024,723065
Actual,Portugal-SantaMaria,AD,2024,21560
Actual,Portugal-SantaMaria,I,2024,19691
Actual,Portugal-SantaMaria,O,2024,157020
Actual,Portugal-SantaMaria,T,2024,198271
Actual,Romania,AD,2024,173708
Actual,Romania,I,2024,21154
Actual,Romania,O,2024,624809
Actual,Romania,T,2024,819671
Actual,SES-RP2,AD,2024,2425285
Actual,SES-RP2,I,2024,7067420
Actual,SES-RP2,O,2024,376687
Actual,SES-RP2,T,2024,9869392
Actual,SES-RP3,AD,2024,3330965
Actual,SES-RP3,I,2024,5462505
Actual,SES-RP3,O,2024,793653
Actual,SES-RP3,T,2024,9587123
Actual,Serbia/Montenegro,AD,2024,128809
Actual,Serbia/Montenegro,I,2024,9192
Actual,Serbia/Montenegro,O,2024,848302
Actual,Serbia/Montenegro,T,2024,986303
Actual,Slovakia,AD,2024,29440
Actual,Slovakia,I,2024,2029
Actual,Slovakia,O,2024,569575
Actual,Slovakia,T,2024,601044
Actual,Slovenia,AD,2024,23373
Actual,Slovenia,I,2024,1110
Actual,Slovenia,O,2024,520084
Actual,Slovenia,T,2024,544567
Actual,South West FAB,AD,2024,1639623
Actual,South West FAB,I,2024,544066
Actual,South West FAB,O,2024,256372
Actual,South West FAB,T,2024,2440061
Actual,Spain,AD,2024,1356735
Actual,Spain,I,2024,466909
Actual,Spain,O,2024,537874
Actual,Spain,T,2024,2361518
Actual,Spain-Canaries,AD,2024,261997
Actual,Spain-Canaries,I,2024,97829
Actual,Spain-Canaries,O,2024,53850
Actual,Spain-Canaries,T,2024,413676
Actual,Spain-Continental,AD,2024,1256096
Actual,Spain-Continental,I,2024,282996
Actual,Spain-Continental,O,2024,681765
Actual,Spain-Continental,T,2024,2220857
Actual,Sweden,AD,2024,222812
Actual,Sweden,I,2024,87437
Actual,Sweden,O,2024,349619
Actual,Sweden,T,2024,659868
Actual,Switzerland,AD,2024,453891
Actual,Switzerland,I,2024,16239
Actual,Switzerland,O,2024,723986
Actual,Switzerland,T,2024,1194116
Actual,Türkiye,AD,2024,835587
Actual,Türkiye,I,2024,313525
Actual,Türkiye,O,2024,564042
Actual,Türkiye,T,2024,1713154
Actual,UK-Continental,AD,2024,1711939
Actual,UK-Continental,I,2024,287380
Actual,UK-Continental,O,2024,469187
Actual,UK-Continental,T,2024,2468506
Actual,UK-Ireland FAB,AD,2024,1785541
Actual,UK-Ireland FAB,I,2024,402722
Actual,UK-Ireland FAB,O,2024,331860
Actual,UK-Ireland FAB,T,2024,2520123
Actual,Ukraine,AD,2024,59
Actual,Ukraine,O,2024,723
Actual,Ukraine,T,2024,782
Actual,NM Area,AD,2025,2073550
Actual,NM Area,I,2025,8901302
Actual,NM Area,O,2025,147932
Actual,NM Area,T,2025,11122784
Actual,Albania,AD,2025,70024
Actual,Albania,I,2025,24
Actual,Albania,O,2025,330939
Actual,Albania,T,2025,400987
Actual,Armenia,AD,2025,42670
Actual,Armenia,I,2025,24
Actual,Armenia,O,2025,106150
Actual,Armenia,T,2025,148844
Actual,Austria,AD,2025,310580
Actual,Austria,I,2025,10689
Actual,Austria,O,2025,1359908
Actual,Austria,T,2025,1681177
Actual,Azerbaijan,AD,2025,72742
Actual,Azerbaijan,I,2025,8350
Actual,Azerbaijan,O,2025,264611
Actual,Azerbaijan,T,2025,345703
Actual,BLUE MED FAB,AD,2025,1597882
Actual,BLUE MED FAB,I,2025,517240
Actual,BLUE MED FAB,O,2025,1102918
Actual,BLUE MED FAB,T,2025,3218040
Actual,Baltic FAB,AD,2025,494987
Actual,Baltic FAB,I,2025,49609
Actual,Baltic FAB,O,2025,322258
Actual,Baltic FAB,T,2025,866854
Actual,Belgium/Luxembourg,AD,2025,394245
Actual,Belgium/Luxembourg,I,2025,6060
Actual,Belgium/Luxembourg,O,2025,869341
Actual,Belgium/Luxembourg,T,2025,1269646
Actual,Bosnia and Herzegovina,AD,2025,26818
Actual,Bosnia and Herzegovina,I,2025,152
Actual,Bosnia and Herzegovina,O,2025,567260
Actual,Bosnia and Herzegovina,T,2025,594230
Actual,Bulgaria,AD,2025,89243
Actual,Bulgaria,I,2025,3980
Actual,Bulgaria,O,2025,1035713
Actual,Bulgaria,T,2025,1128936
Actual,Croatia,AD,2025,121112
Actual,Croatia,I,2025,10103
Actual,Croatia,O,2025,870143
Actual,Croatia,T,2025,1001358
Actual,Cyprus,AD,2025,103404
Actual,Cyprus,I,2025,1855
Actual,Cyprus,O,2025,329776
Actual,Cyprus,T,2025,435035
Actual,Czech Republic,AD,2025,160412
Actual,Czech Republic,I,2025,6523
Actual,Czech Republic,O,2025,678770
Actual,Czech Republic,T,2025,845705
Actual,DK-SE FAB,AD,2025,472099
Actual,DK-SE FAB,I,2025,126423
Actual,DK-SE FAB,O,2025,312361
Actual,DK-SE FAB,T,2025,910883
Actual,Danube FAB,AD,2025,274241
Actual,Danube FAB,I,2025,29270
Actual,Danube FAB,O,2025,1014081
Actual,Danube FAB,T,2025,1317592
Actual,Denmark,AD,2025,287972
Actual,Denmark,I,2025,29281
Actual,Denmark,O,2025,282986
Actual,Denmark,T,2025,600239
Actual,ECAC,AD,2025,2324056
Actual,ECAC,I,2025,8503303
Actual,ECAC,O,2025,218669
Actual,ECAC,T,2025,11046028
Actual,ESRA08,AD,2025,2467886
Actual,ESRA08,I,2025,8155870
Actual,ESRA08,O,2025,197441
Actual,ESRA08,T,2025,10821197
Actual,EU27,AD,2025,3801584
Actual,EU27,I,2025,4882757
Actual,EU27,O,2025,1048733
Actual,EU27,T,2025,9733074
Actual,Estonia,AD,2025,37574
Actual,Estonia,I,2025,3416
Actual,Estonia,O,2025,135163
Actual,Estonia,T,2025,176153
Actual,FAB CE,AD,2025,752847
Actual,FAB CE,I,2025,65648
Actual,FAB CE,O,2025,1978032
Actual,FAB CE,T,2025,2796527
Actual,FABEC,AD,2025,3442424
Actual,FABEC,I,2025,972224
Actual,FABEC,O,2025,1834830
Actual,FABEC,T,2025,6249478
Actual,Finland,AD,2025,146315
Actual,Finland,I,2025,34392
Actual,Finland,O,2025,59890
Actual,Finland,T,2025,240597
Actual,France,AD,2025,1211357
Actual,France,I,2025,327019
Actual,France,O,2025,2058226
Actual,France,T,2025,3596602
Actual,Georgia,AD,2025,72905
Actual,Georgia,I,2025,476
Actual,Georgia,O,2025,229205
Actual,Georgia,T,2025,302586
Actual,Germany,AD,2025,1558278
Actual,Germany,I,2025,224661
Actual,Germany,O,2025,1362043
Actual,Germany,T,2025,3144982
Actual,Greece,AD,2025,430121
Actual,Greece,I,2025,135129
Actual,Greece,O,2025,581227
Actual,Greece,T,2025,1146477
Actual,Hungary,AD,2025,144120
Actual,Hungary,I,2025,1476
Actual,Hungary,O,2025,1052766
Actual,Hungary,T,2025,1198362
Actual,Iceland,AD,2025,66097
Actual,Iceland,I,2025,12677
Actual,Iceland,O,2025,104320
Actual,Iceland,T,2025,183094
Actual,Ireland,AD,2025,310186
Actual,Ireland,I,2025,6387
Actual,Ireland,O,2025,391812
Actual,Ireland,T,2025,708385
Actual,Israel,AD,2025,138940
Actual,Israel,I,2025,11145
Actual,Israel,O,2025,23005
Actual,Israel,T,2025,173090
Actual,Italy,AD,2025,1141634
Actual,Italy,I,2025,304516
Actual,Italy,O,2025,851406
Actual,Italy,T,2025,2297556
Actual,Latvia,AD,2025,63105
Actual,Latvia,I,2025,675
Actual,Latvia,O,2025,174024
Actual,Latvia,T,2025,237804
Actual,Lithuania,AD,2025,58084
Actual,Lithuania,I,2025,2535
Actual,Lithuania,O,2025,161097
Actual,Lithuania,T,2025,221716
Actual,Malta,AD,2025,72607
Actual,Malta,I,2025,658
Actual,Malta,O,2025,93877
Actual,Malta,T,2025,167142
Actual,Moldova,AD,2025,44599
Actual,Moldova,I,2025,20
Actual,Moldova,O,2025,69
Actual,Moldova,T,2025,44688
Actual,Morocco,AD,2025,227809
Actual,Morocco,I,2025,30593
Actual,Morocco,O,2025,318235
Actual,Morocco,T,2025,576637
Actual,NEFAB,AD,2025,401311
Actual,NEFAB,I,2025,332165
Actual,NEFAB,O,2025,197441
Actual,NEFAB,T,2025,930917
Actual,Netherlands,AD,2025,574915
Actual,Netherlands,I,2025,14962
Actual,Netherlands,O,2025,649453
Actual,Netherlands,T,2025,1239330
Actual,North Macedonia,AD,2025,26171
Actual,North Macedonia,I,2025,13
Actual,North Macedonia,O,2025,280869
Actual,North Macedonia,T,2025,307053
Actual,Norway-Continental,AD,2025,214438
Actual,Norway-Continental,I,2025,262410
Actual,Norway-Continental,O,2025,81381
Actual,Norway-Continental,T,2025,558229
Actual,Poland,AD,2025,445643
Actual,Poland,I,2025,42704
Actual,Poland,O,2025,311417
Actual,Poland,T,2025,799764
Actual,Portugal,AD,2025,396902
Actual,Portugal,I,2025,65611
Actual,Portugal,O,2025,390816
Actual,Portugal,T,2025,853329
Actual,Portugal-Continental,AD,2025,403455
Actual,Portugal-Continental,I,2025,31686
Actual,Portugal-Continental,O,2025,327069
Actual,Portugal-Continental,T,2025,762210
Actual,Portugal-SantaMaria,AD,2025,21995
Actual,Portugal-SantaMaria,I,2025,19651
Actual,Portugal-SantaMaria,O,2025,162763
Actual,Portugal-SantaMaria,T,2025,204409
Actual,Romania,AD,2025,187880
Actual,Romania,I,2025,23849
Actual,Romania,O,2025,685911
Actual,Romania,T,2025,897640
Actual,SES-RP2,AD,2025,2617613
Actual,SES-RP2,I,2025,7228497
Actual,SES-RP2,O,2025,415351
Actual,SES-RP2,T,2025,10261461
Actual,SES-RP3,AD,2025,3538274
Actual,SES-RP3,I,2025,5602189
Actual,SES-RP3,O,2025,846060
Actual,SES-RP3,T,2025,9986523
Actual,Serbia/Montenegro,AD,2025,136532
Actual,Serbia/Montenegro,I,2025,9407
Actual,Serbia/Montenegro,O,2025,904031
Actual,Serbia/Montenegro,T,2025,1049970
Actual,Slovakia,AD,2025,31494
Actual,Slovakia,I,2025,2169
Actual,Slovakia,O,2025,563757
Actual,Slovakia,T,2025,597420
Actual,Slovenia,AD,2025,24424
Actual,Slovenia,I,2025,1353
Actual,Slovenia,O,2025,562725
Actual,Slovenia,T,2025,588502
Actual,South West FAB,AD,2025,1727852
Actual,South West FAB,I,2025,548954
Actual,South West FAB,O,2025,276591
Actual,South West FAB,T,2025,2553397
Actual,Spain,AD,2025,1432295
Actual,Spain,I,2025,468958
Actual,Spain,O,2025,571071
Actual,Spain,T,2025,2472324
Actual,Spain-Canaries,AD,2025,276301
Actual,Spain-Canaries,I,2025,96903
Actual,Spain-Canaries,O,2025,60162
Actual,Spain-Canaries,T,2025,433366
Actual,Spain-Continental,AD,2025,1326751
Actual,Spain-Continental,I,2025,281037
Actual,Spain-Continental,O,2025,720043
Actual,Spain-Continental,T,2025,2327831
Actual,Sweden,AD,2025,222390
Actual,Sweden,I,2025,77441
Actual,Sweden,O,2025,356183
Actual,Sweden,T,2025,656014
Actual,Switzerland,AD,2025,463884
Actual,Switzerland,I,2025,16354
Actual,Switzerland,O,2025,719639
Actual,Switzerland,T,2025,1199877
Actual,Türkiye,AD,2025,895409
Actual,Türkiye,I,2025,329227
Actual,Türkiye,O,2025,632793
Actual,Türkiye,T,2025,1857429
Actual,UK-Continental,AD,2025,1759670
Actual,UK-Continental,I,2025,277539
Actual,UK-Continental,O,2025,499173
Actual,UK-Continental,T,2025,2536382
Actual,UK-Ireland FAB,AD,2025,1841623
Actual,UK-Ireland FAB,I,2025,398043
Actual,UK-Ireland FAB,O,2025,357110
Actual,UK-Ireland FAB,T,2025,2596776
Actual,Ukraine,AD,2025,58
Actual,Ukraine,O,2025,930
Actual,Ukraine,T,2025,988
Base,NM Area,AD,2025,2073550
Base,NM Area,I,2025,8901302
Base,NM Area,O,2025,147932
Base,NM Area,T,2025,11122784
High,NM Area,AD,2025,2073550
High,NM Area,I,2025,8901302
High,NM Area,O,2025,147932
High,NM Area,T,2025,11122784
Low,NM Area,AD,2025,2073550
Low,NM Area,I,2025,8901302
Low,NM Area,O,2025,147932
Low,NM Area,T,2025,11122784
Base,Albania,AD,2025,70024
Base,Albania,I,2025,24
Base,Albania,O,2025,330939
Base,Albania,T,2025,400987
High,Albania,AD,2025,70024
High,Albania,I,2025,24
High,Albania,O,2025,330939
High,Albania,T,2025,400987
Low,Albania,AD,2025,70024
Low,Albania,I,2025,24
Low,Albania,O,2025,330939
Low,Albania,T,2025,400987
Base,Armenia,AD,2025,42670
Base,Armenia,I,2025,24
Base,Armenia,O,2025,106150
Base,Armenia,T,2025,148844
High,Armenia,AD,2025,42670
High,Armenia,I,2025,24
High,Armenia,O,2025,106150
High,Armenia,T,2025,148844
Low,Armenia,AD,2025,42670
Low,Armenia,I,2025,24
Low,Armenia,O,2025,106150
Low,Armenia,T,2025,148844
Base,Austria,AD,2025,310580
Base,Austria,I,2025,10689
Base,Austria,O,2025,1359908
Base,Austria,T,2025,1681177
High,Austria,AD,2025,310580
High,Austria,I,2025,10689
High,Austria,O,2025,1359908
High,Austria,T,2025,1681177
Low,Austria,AD,2025,310580
Low,Austria,I,2025,10689
Low,Austria,O,2025,1359908
Low,Austria,T,2025,1681177
Base,Azerbaijan,AD,2025,72742
Base,Azerbaijan,I,2025,8350
Base,Azerbaijan,O,2025,264611
Base,Azerbaijan,T,2025,345703
High,Azerbaijan,AD,2025,72742
High,Azerbaijan,I,2025,8350
High,Azerbaijan,O,2025,264611
High,Azerbaijan,T,2025,345703
Low,Azerbaijan,AD,2025,72742
Low,Azerbaijan,I,2025,8350
Low,Azerbaijan,O,2025,264611
Low,Azerbaijan,T,2025,345703
Base,BLUE MED FAB,AD,2025,1597882
Base,BLUE MED FAB,I,2025,517240
Base,BLUE MED FAB,O,2025,1102918
Base,BLUE MED FAB,T,2025,3218040
High,BLUE MED FAB,AD,2025,1597882
High,BLUE MED FAB,I,2025,517240
High,BLUE MED FAB,O,2025,1102918
High,BLUE MED FAB,T,2025,3218040
Low,BLUE MED FAB,AD,2025,1597882
Low,BLUE MED FAB,I,2025,517240
Low,BLUE MED FAB,O,2025,1102918
Low,BLUE MED FAB,T,2025,3218040
Base,Baltic FAB,AD,2025,494987
Base,Baltic FAB,I,2025,49609
Base,Baltic FAB,O,2025,322258
Base,Baltic FAB,T,2025,866854
High,Baltic FAB,AD,2025,494987
High,Baltic FAB,I,2025,49609
High,Baltic FAB,O,2025,322258
High,Baltic FAB,T,2025,866854
Low,Baltic FAB,AD,2025,494987
Low,Baltic FAB,I,2025,49609
Low,Baltic FAB,O,2025,322258
Low,Baltic FAB,T,2025,866854
Base,Belgium/Luxembourg,AD,2025,394245
Base,Belgium/Luxembourg,I,2025,6060
Base,Belgium/Luxembourg,O,2025,869341
Base,Belgium/Luxembourg,T,2025,1269646
High,Belgium/Luxembourg,AD,2025,394245
High,Belgium/Luxembourg,I,2025,6060
High,Belgium/Luxembourg,O,2025,869341
High,Belgium/Luxembourg,T,2025,1269646
Low,Belgium/Luxembourg,AD,2025,394245
Low,Belgium/Luxembourg,I,2025,6060
Low,Belgium/Luxembourg,O,2025,869341
Low,Belgium/Luxembourg,T,2025,1269646
Base,Bosnia and Herzegovina,AD,2025,26818
Base,Bosnia and Herzegovina,I,2025,152
Base,Bosnia and Herzegovina,O,2025,567260
Base,Bosnia and Herzegovina,T,2025,594230
High,Bosnia and Herzegovina,AD,2025,26818
High,Bosnia and Herzegovina,I,2025,152
High,Bosnia and Herzegovina,O,2025,567260
High,Bosnia and Herzegovina,T,2025,594230
Low,Bosnia and Herzegovina,AD,2025,26818
Low,Bosnia and Herzegovina,I,2025,152
Low,Bosnia and Herzegovina,O,2025,567260
Low,Bosnia and Herzegovina,T,2025,594230
Base,Bulgaria,AD,2025,89243
Base,Bulgaria,I,2025,3980
Base,Bulgaria,O,2025,1035713
Base,Bulgaria,T,2025,1128936
High,Bulgaria,AD,2025,89243
High,Bulgaria,I,2025,3980
High,Bulgaria,O,2025,1035713
High,Bulgaria,T,2025,1128936
Low,Bulgaria,AD,2025,89243
Low,Bulgaria,I,2025,3980
Low,Bulgaria,O,2025,1035713
Low,Bulgaria,T,2025,1128936
Base,Croatia,AD,2025,121112
Base,Croatia,I,2025,10103
Base,Croatia,O,2025,870143
Base,Croatia,T,2025,1001358
High,Croatia,AD,2025,121112
High,Croatia,I,2025,10103
High,Croatia,O,2025,870143
High,Croatia,T,2025,1001358
Low,Croatia,AD,2025,121112
Low,Croatia,I,2025,10103
Low,Croatia,O,2025,870143
Low,Croatia,T,2025,1001358
Base,Cyprus,AD,2025,103404
Base,Cyprus,I,2025,1855
Base,Cyprus,O,2025,329776
Base,Cyprus,T,2025,435035
High,Cyprus,AD,2025,103404
High,Cyprus,I,2025,1855
High,Cyprus,O,2025,329776
High,Cyprus,T,2025,435035
Low,Cyprus,AD,2025,103404
Low,Cyprus,I,2025,1855
Low,Cyprus,O,2025,329776
Low,Cyprus,T,2025,435035
Base,Czech Republic,AD,2025,160412
Base,Czech Republic,I,2025,6523
Base,Czech Republic,O,2025,678770
Base,Czech Republic,T,2025,845705
High,Czech Republic,AD,2025,160412
High,Czech Republic,I,2025,6523
High,Czech Republic,O,2025,678770
High,Czech Republic,T,2025,845705
Low,Czech Republic,AD,2025,160412
Low,Czech Republic,I,2025,6523
Low,Czech Republic,O,2025,678770
Low,Czech Republic,T,2025,845705
Base,DK-SE FAB,AD,2025,472099
Base,DK-SE FAB,I,2025,126423
Base,DK-SE FAB,O,2025,312361
Base,DK-SE FAB,T,2025,910883
High,DK-SE FAB,AD,2025,472099
High,DK-SE FAB,I,2025,126423
High,DK-SE FAB,O,2025,312361
High,DK-SE FAB,T,2025,910883
Low,DK-SE FAB,AD,2025,472099
Low,DK-SE FAB,I,2025,126423
Low,DK-SE FAB,O,2025,312361
Low,DK-SE FAB,T,2025,910883
Base,Danube FAB,AD,2025,274241
Base,Danube FAB,I,2025,29270
Base,Danube FAB,O,2025,1014081
Base,Danube FAB,T,2025,1317592
High,Danube FAB,AD,2025,274241
High,Danube FAB,I,2025,29270
High,Danube FAB,O,2025,1014081
High,Danube FAB,T,2025,1317592
Low,Danube FAB,AD,2025,274241
Low,Danube FAB,I,2025,29270
Low,Danube FAB,O,2025,1014081
Low,Danube FAB,T,2025,1317592
Base,Denmark,AD,2025,287972
Base,Denmark,I,2025,29281
Base,Denmark,O,2025,282986
Base,Denmark,T,2025,600239
High,Denmark,AD,2025,287972
High,Denmark,I,2025,29281
High,Denmark,O,2025,282986
High,Denmark,T,2025,600239
Low,Denmark,AD,2025,287972
Low,Denmark,I,2025,29281
Low,Denmark,O,2025,282986
Low,Denmark,T,2025,600239
Base,ECAC,AD,2025,2324056
Base,ECAC,I,2025,8503303
Base,ECAC,O,2025,218669
Base,ECAC,T,2025,11046028
High,ECAC,AD,2025,2324056
High,ECAC,I,2025,8503303
High,ECAC,O,2025,218669
High,ECAC,T,2025,11046028
Low,ECAC,AD,2025,2324056
Low,ECAC,I,2025,8503303
Low,ECAC,O,2025,218669
Low,ECAC,T,2025,11046028
Base,ESRA08,AD,2025,2467886
Base,ESRA08,I,2025,8155870
Base,ESRA08,O,2025,197441
Base,ESRA08,T,2025,10821197
High,ESRA08,AD,2025,2467886
High,ESRA08,I,2025,8155870
High,ESRA08,O,2025,197441
High,ESRA08,T,2025,10821197
Low,ESRA08,AD,2025,2467886
Low,ESRA08,I,2025,8155870
Low,ESRA08,O,2025,197441
Low,ESRA08,T,2025,10821197
Base,EU27,AD,2025,3801584
Base,EU27,I,2025,4882757
Base,EU27,O,2025,1048733
Base,EU27,T,2025,9733074
High,EU27,AD,2025,3801584
High,EU27,I,2025,4882757
High,EU27,O,2025,1048733
High,EU27,T,2025,9733074
Low,EU27,AD,2025,3801584
Low,EU27,I,2025,4882757
Low,EU27,O,2025,1048733
Low,EU27,T,2025,9733074
Base,Estonia,AD,2025,37574
Base,Estonia,I,2025,3416
Base,Estonia,O,2025,135163
Base,Estonia,T,2025,176153
High,Estonia,AD,2025,37574
High,Estonia,I,2025,3416
High,Estonia,O,2025,135163
High,Estonia,T,2025,176153
Low,Estonia,AD,2025,37574
Low,Estonia,I,2025,3416
Low,Estonia,O,2025,135163
Low,Estonia,T,2025,176153
Base,FAB CE,AD,2025,752847
Base,FAB CE,I,2025,65648
Base,FAB CE,O,2025,1978032
Base,FAB CE,T,2025,2796527
High,FAB CE,AD,2025,752847
High,FAB CE,I,2025,65648
High,FAB CE,O,2025,1978032
High,FAB CE,T,2025,2796527
Low,FAB CE,AD,2025,752847
Low,FAB CE,I,2025,65648
Low,FAB CE,O,2025,1978032
Low,FAB CE,T,2025,2796527
Base,FABEC,AD,2025,3442424
Base,FABEC,I,2025,972224
Base,FABEC,O,2025,1834830
Base,FABEC,T,2025,6249478
High,FABEC,AD,2025,3442424
High,FABEC,I,2025,972224
High,FABEC,O,2025,1834830
High,FABEC,T,2025,6249478
Low,FABEC,AD,2025,3442424
Low,FABEC,I,2025,972224
Low,FABEC,O,2025,1834830
Low,FABEC,T,2025,6249478
Base,Finland,AD,2025,146315
Base,Finland,I,2025,34392
Base,Finland,O,2025,59890
Base,Finland,T,2025,240597
High,Finland,AD,2025,146315
High,Finland,I,2025,34392
High,Finland,O,2025,59890
High,Finland,T,2025,240597
Low,Finland,AD,2025,146315
Low,Finland,I,2025,34392
Low,Finland,O,2025,59890
Low,Finland,T,2025,240597
Base,France,AD,2025,1211357
Base,France,I,2025,327019
Base,France,O,2025,2058226
Base,France,T,2025,3596602
High,France,AD,2025,1211357
High,France,I,2025,327019
High,France,O,2025,2058226
High,France,T,2025,3596602
Low,France,AD,2025,1211357
Low,France,I,2025,327019
Low,France,O,2025,2058226
Low,France,T,2025,3596602
Base,Georgia,AD,2025,72905
Base,Georgia,I,2025,476
Base,Georgia,O,2025,229205
Base,Georgia,T,2025,302586
High,Georgia,AD,2025,72905
High,Georgia,I,2025,476
High,Georgia,O,2025,229205
High,Georgia,T,2025,302586
Low,Georgia,AD,2025,72905
Low,Georgia,I,2025,476
Low,Georgia,O,2025,229205
Low,Georgia,T,2025,302586
Base,Germany,AD,2025,1558278
Base,Germany,I,2025,224661
Base,Germany,O,2025,1362043
Base,Germany,T,2025,3144982
High,Germany,AD,2025,1558278
High,Germany,I,2025,224661
High,Germany,O,2025,1362043
High,Germany,T,2025,3144982
Low,Germany,AD,2025,1558278
Low,Germany,I,2025,224661
Low,Germany,O,2025,1362043
Low,Germany,T,2025,3144982
Base,Greece,AD,2025,430121
Base,Greece,I,2025,135129
Base,Greece,O,2025,581227
Base,Greece,T,2025,1146477
High,Greece,AD,2025,430121
High,Greece,I,2025,135129
High,Greece,O,2025,581227
High,Greece,T,2025,1146477
Low,Greece,AD,2025,430121
Low,Greece,I,2025,135129
Low,Greece,O,2025,581227
Low,Greece,T,2025,1146477
Base,Hungary,AD,2025,144120
Base,Hungary,I,2025,1476
Base,Hungary,O,2025,1052766
Base,Hungary,T,2025,1198362
High,Hungary,AD,2025,144120
High,Hungary,I,2025,1476
High,Hungary,O,2025,1052766
High,Hungary,T,2025,1198362
Low,Hungary,AD,2025,144120
Low,Hungary,I,2025,1476
Low,Hungary,O,2025,1052766
Low,Hungary,T,2025,1198362
Base,Iceland,AD,2025,66097
Base,Iceland,I,2025,12677
Base,Iceland,O,2025,104320
Base,Iceland,T,2025,183094
High,Iceland,AD,2025,66097
High,Iceland,I,2025,12677
High,Iceland,O,2025,104320
High,Iceland,T,2025,183094
Low,Iceland,AD,2025,66097
Low,Iceland,I,2025,12677
Low,Iceland,O,2025,104320
Low,Iceland,T,2025,183094
Base,Ireland,AD,2025,310186
Base,Ireland,I,2025,6387
Base,Ireland,O,2025,391812
Base,Ireland,T,2025,708385
High,Ireland,AD,2025,310186
High,Ireland,I,2025,6387
High,Ireland,O,2025,391812
High,Ireland,T,2025,708385
Low,Ireland,AD,2025,310186
Low,Ireland,I,2025,6387
Low,Ireland,O,2025,391812
Low,Ireland,T,2025,708385
Base,Israel,AD,2025,138940
Base,Israel,I,2025,11145
Base,Israel,O,2025,23005
Base,Israel,T,2025,173090
High,Israel,AD,2025,138940
High,Israel,I,2025,11145
High,Israel,O,2025,23005
High,Israel,T,2025,173090
Low,Israel,AD,2025,138940
Low,Israel,I,2025,11145
Low,Israel,O,2025,23005
Low,Israel,T,2025,173090
Base,Italy,AD,2025,1141634
Base,Italy,I,2025,304516
Base,Italy,O,2025,851406
Base,Italy,T,2025,2297556
High,Italy,AD,2025,1141634
High,Italy,I,2025,304516
High,Italy,O,2025,851406
High,Italy,T,2025,2297556
Low,Italy,AD,2025,1141634
Low,Italy,I,2025,304516
Low,Italy,O,2025,851406
Low,Italy,T,2025,2297556
Base,Latvia,AD,2025,63105
Base,Latvia,I,2025,675
Base,Latvia,O,2025,174024
Base,Latvia,T,2025,237804
High,Latvia,AD,2025,63105
High,Latvia,I,2025,675
High,Latvia,O,2025,174024
High,Latvia,T,2025,237804
Low,Latvia,AD,2025,63105
Low,Latvia,I,2025,675
Low,Latvia,O,2025,174024
Low,Latvia,T,2025,237804
Base,Lithuania,AD,2025,58084
Base,Lithuania,I,2025,2535
Base,Lithuania,O,2025,161097
Base,Lithuania,T,2025,221716
High,Lithuania,AD,2025,58084
High,Lithuania,I,2025,2535
High,Lithuania,O,2025,161097
High,Lithuania,T,2025,221716
Low,Lithuania,AD,2025,58084
Low,Lithuania,I,2025,2535
Low,Lithuania,O,2025,161097
Low,Lithuania,T,2025,221716
Base,Malta,AD,2025,72607
Base,Malta,I,2025,658
Base,Malta,O,2025,93877
Base,Malta,T,2025,167142
High,Malta,AD,2025,72607
High,Malta,I,2025,658
High,Malta,O,2025,93877
High,Malta,T,2025,167142
Low,Malta,AD,2025,72607
Low,Malta,I,2025,658
Low,Malta,O,2025,93877
Low,Malta,T,2025,167142
Base,Moldova,AD,2025,44599
Base,Moldova,I,2025,20
Base,Moldova,O,2025,69
Base,Moldova,T,2025,44688
High,Moldova,AD,2025,44599
High,Moldova,I,2025,20
High,Moldova,O,2025,69
High,Moldova,T,2025,44688
Low,Moldova,AD,2025,44599
Low,Moldova,I,2025,20
Low,Moldova,O,2025,69
Low,Moldova,T,2025,44688
Base,Morocco,AD,2025,227809
Base,Morocco,I,2025,30593
Base,Morocco,O,2025,318235
Base,Morocco,T,2025,576637
High,Morocco,AD,2025,227809
High,Morocco,I,2025,30593
High,Morocco,O,2025,318235
High,Morocco,T,2025,576637
Low,Morocco,AD,2025,227809
Low,Morocco,I,2025,30593
Low,Morocco,O,2025,318235
Low,Morocco,T,2025,576637
Base,NEFAB,AD,2025,401311
Base,NEFAB,I,2025,332165
Base,NEFAB,O,2025,197441
Base,NEFAB,T,2025,930917
High,NEFAB,AD,2025,401311
High,NEFAB,I,2025,332165
High,NEFAB,O,2025,197441
High,NEFAB,T,2025,930917
Low,NEFAB,AD,2025,401311
Low,NEFAB,I,2025,332165
Low,NEFAB,O,2025,197441
Low,NEFAB,T,2025,930917
Base,Netherlands,AD,2025,574915
Base,Netherlands,I,2025,14962
Base,Netherlands,O,2025,649453
Base,Netherlands,T,2025,1239330
High,Netherlands,AD,2025,574915
High,Netherlands,I,2025,14962
High,Netherlands,O,2025,649453
High,Netherlands,T,2025,1239330
Low,Netherlands,AD,2025,574915
Low,Netherlands,I,2025,14962
Low,Netherlands,O,2025,649453
Low,Netherlands,T,2025,1239330
Base,North Macedonia,AD,2025,26171
Base,North Macedonia,I,2025,13
Base,North Macedonia,O,2025,280869
Base,North Macedonia,T,2025,307053
High,North Macedonia,AD,2025,26171
High,North Macedonia,I,2025,13
High,North Macedonia,O,2025,280869
High,North Macedonia,T,2025,307053
Low,North Macedonia,AD,2025,26171
Low,North Macedonia,I,2025,13
Low,North Macedonia,O,2025,280869
Low,North Macedonia,T,2025,307053
Base,Norway-Continental,AD,2025,214438
Base,Norway-Continental,I,2025,262410
Base,Norway-Continental,O,2025,81381
Base,Norway-Continental,T,2025,558229
High,Norway-Continental,AD,2025,214438
High,Norway-Continental,I,2025,262410
High,Norway-Continental,O,2025,81381
High,Norway-Continental,T,2025,558229
Low,Norway-Continental,AD,2025,214438
Low,Norway-Continental,I,2025,262410
Low,Norway-Continental,O,2025,81381
Low,Norway-Continental,T,2025,558229
Base,Poland,AD,2025,445643
Base,Poland,I,2025,42704
Base,Poland,O,2025,311417
Base,Poland,T,2025,799764
High,Poland,AD,2025,445643
High,Poland,I,2025,42704
High,Poland,O,2025,311417
High,Poland,T,2025,799764
Low,Poland,AD,2025,445643
Low,Poland,I,2025,42704
Low,Poland,O,2025,311417
Low,Poland,T,2025,799764
Base,Portugal,AD,2025,396902
Base,Portugal,I,2025,65611
Base,Portugal,O,2025,390816
Base,Portugal,T,2025,853329
High,Portugal,AD,2025,396902
High,Portugal,I,2025,65611
High,Portugal,O,2025,390816
High,Portugal,T,2025,853329
Low,Portugal,AD,2025,396902
Low,Portugal,I,2025,65611
Low,Portugal,O,2025,390816
Low,Portugal,T,2025,853329
Base,Portugal-Continental,AD,2025,403455
Base,Portugal-Continental,I,2025,31686
Base,Portugal-Continental,O,2025,327069
Base,Portugal-Continental,T,2025,762210
High,Portugal-Continental,AD,2025,403455
High,Portugal-Continental,I,2025,31686
High,Portugal-Continental,O,2025,327069
High,Portugal-Continental,T,2025,762210
Low,Portugal-Continental,AD,2025,403455
Low,Portugal-Continental,I,2025,31686
Low,Portugal-Continental,O,2025,327069
Low,Portugal-Continental,T,2025,762210
Base,Portugal-SantaMaria,AD,2025,21995
Base,Portugal-SantaMaria,I,2025,19651
Base,Portugal-SantaMaria,O,2025,162763
Base,Portugal-SantaMaria,T,2025,204409
High,Portugal-SantaMaria,AD,2025,21995
High,Portugal-SantaMaria,I,2025,19651
High,Portugal-SantaMaria,O,2025,162763
High,Portugal-SantaMaria,T,2025,204409
Low,Portugal-SantaMaria,AD,2025,21995
Low,Portugal-SantaMaria,I,2025,19651
Low,Portugal-SantaMaria,O,2025,162763
Low,Portugal-SantaMaria,T,2025,204409
Base,Romania,AD,2025,187880
Base,Romania,I,2025,23849
Base,Romania,O,2025,685911
Base,Romania,T,2025,897640
High,Romania,AD,2025,187880
High,Romania,I,2025,23849
High,Romania,O,2025,685911
High,Romania,T,2025,897640
Low,Romania,AD,2025,187880
Low,Romania,I,2025,23849
Low,Romania,O,2025,685911
Low,Romania,T,2025,897640
Base,SES-RP2,AD,2025,2617613
Base,SES-RP2,I,2025,7228497
Base,SES-RP2,O,2025,415351
Base,SES-RP2,T,2025,10261461
High,SES-RP2,AD,2025,2617613
High,SES-RP2,I,2025,7228497
High,SES-RP2,O,2025,415351
High,SES-RP2,T,2025,10261461
Low,SES-RP2,AD,2025,2617613
Low,SES-RP2,I,2025,7228497
Low,SES-RP2,O,2025,415351
Low,SES-RP2,T,2025,10261461
Base,SES-RP3,AD,2025,3538274
Base,SES-RP3,I,2025,5602189
Base,SES-RP3,O,2025,846060
Base,SES-RP3,T,2025,9986523
High,SES-RP3,AD,2025,3538274
High,SES-RP3,I,2025,5602189
High,SES-RP3,O,2025,846060
High,SES-RP3,T,2025,9986523
Low,SES-RP3,AD,2025,3538274
Low,SES-RP3,I,2025,5602189
Low,SES-RP3,O,2025,846060
Low,SES-RP3,T,2025,9986523
Base,Serbia/Montenegro,AD,2025,136532
Base,Serbia/Montenegro,I,2025,9407
Base,Serbia/Montenegro,O,2025,904031
Base,Serbia/Montenegro,T,2025,1049970
High,Serbia/Montenegro,AD,2025,136532
High,Serbia/Montenegro,I,2025,9407
High,Serbia/Montenegro,O,2025,904031
High,Serbia/Montenegro,T,2025,1049970
Low,Serbia/Montenegro,AD,2025,136532
Low,Serbia/Montenegro,I,2025,9407
Low,Serbia/Montenegro,O,2025,904031
Low,Serbia/Montenegro,T,2025,1049970
Base,Slovakia,AD,2025,31494
Base,Slovakia,I,2025,2169
Base,Slovakia,O,2025,563757
Base,Slovakia,T,2025,597420
High,Slovakia,AD,2025,31494
High,Slovakia,I,2025,2169
High,Slovakia,O,2025,563757
High,Slovakia,T,2025,597420
Low,Slovakia,AD,2025,31494
Low,Slovakia,I,2025,2169
Low,Slovakia,O,2025,563757
Low,Slovakia,T,2025,597420
Base,Slovenia,AD,2025,24424
Base,Slovenia,I,2025,1353
Base,Slovenia,O,2025,562725
Base,Slovenia,T,2025,588502
High,Slovenia,AD,2025,24424
High,Slovenia,I,2025,1353
High,Slovenia,O,2025,562725
High,Slovenia,T,2025,588502
Low,Slovenia,AD,2025,24424
Low,Slovenia,I,2025,1353
Low,Slovenia,O,2025,562725
Low,Slovenia,T,2025,588502
Base,South West FAB,AD,2025,1727852
Base,South West FAB,I,2025,548954
Base,South West FAB,O,2025,276591
Base,South West FAB,T,2025,2553397
High,South West FAB,AD,2025,1727852
High,South West FAB,I,2025,548954
High,South West FAB,O,2025,276591
High,South West FAB,T,2025,2553397
Low,South West FAB,AD,2025,1727852
Low,South West FAB,I,2025,548954
Low,South West FAB,O,2025,276591
Low,South West FAB,T,2025,2553397
Base,Spain,AD,2025,1432295
Base,Spain,I,2025,468958
Base,Spain,O,2025,571071
Base,Spain,T,2025,2472324
High,Spain,AD,2025,1432295
High,Spain,I,2025,468958
High,Spain,O,2025,571071
High,Spain,T,2025,2472324
Low,Spain,AD,2025,1432295
Low,Spain,I,2025,468958
Low,Spain,O,2025,571071
Low,Spain,T,2025,2472324
Base,Spain-Canaries,AD,2025,276301
Base,Spain-Canaries,I,2025,96903
Base,Spain-Canaries,O,2025,60162
Base,Spain-Canaries,T,2025,433366
High,Spain-Canaries,AD,2025,276301
High,Spain-Canaries,I,2025,96903
High,Spain-Canaries,O,2025,60162
High,Spain-Canaries,T,2025,433366
Low,Spain-Canaries,AD,2025,276301
Low,Spain-Canaries,I,2025,96903
Low,Spain-Canaries,O,2025,60162
Low,Spain-Canaries,T,2025,433366
Base,Spain-Continental,AD,2025,1326751
Base,Spain-Continental,I,2025,281037
Base,Spain-Continental,O,2025,720043
Base,Spain-Continental,T,2025,2327831
High,Spain-Continental,AD,2025,1326751
High,Spain-Continental,I,2025,281037
High,Spain-Continental,O,2025,720043
High,Spain-Continental,T,2025,2327831
Low,Spain-Continental,AD,2025,1326751
Low,Spain-Continental,I,2025,281037
Low,Spain-Continental,O,2025,720043
Low,Spain-Continental,T,2025,2327831
Base,Sweden,AD,2025,222390
Base,Sweden,I,2025,77441
Base,Sweden,O,2025,356183
Base,Sweden,T,2025,656014
High,Sweden,AD,2025,222390
High,Sweden,I,2025,77441
High,Sweden,O,2025,356183
High,Sweden,T,2025,656014
Low,Sweden,AD,2025,222390
Low,Sweden,I,2025,77441
Low,Sweden,O,2025,356183
Low,Sweden,T,2025,656014
Base,Switzerland,AD,2025,463884
Base,Switzerland,I,2025,16354
Base,Switzerland,O,2025,719639
Base,Switzerland,T,2025,1199877
High,Switzerland,AD,2025,463884
High,Switzerland,I,2025,16354
High,Switzerland,O,2025,719639
High,Switzerland,T,2025,1199877
Low,Switzerland,AD,2025,463884
Low,Switzerland,I,2025,16354
Low,Switzerland,O,2025,719639
Low,Switzerland,T,2025,1199877
Base,Türkiye,AD,2025,895409
Base,Türkiye,I,2025,329227
Base,Türkiye,O,2025,632793
Base,Türkiye,T,2025,1857429
High,Türkiye,AD,2025,895409
High,Türkiye,I,2025,329227
High,Türkiye,O,2025,632793
High,Türkiye,T,2025,1857429
Low,Türkiye,AD,2025,895409
Low,Türkiye,I,2025,329227
Low,Türkiye,O,2025,632793
Low,Türkiye,T,2025,1857429
Base,UK-Continental,AD,2025,1759670
Base,UK-Continental,I,2025,277539
Base,UK-Continental,O,2025,499173
Base,UK-Continental,T,2025,2536382
High,UK-Continental,AD,2025,1759670
High,UK-Continental,I,2025,277539
High,UK-Continental,O,2025,499173
High,UK-Continental,T,2025,2536382
Low,UK-Continental,AD,2025,1759670
Low,UK-Continental,I,2025,277539
Low,UK-Continental,O,2025,499173
Low,UK-Continental,T,2025,2536382
Base,UK-Ireland FAB,AD,2025,1841623
Base,UK-Ireland FAB,I,2025,398043
Base,UK-Ireland FAB,O,2025,357110
Base,UK-Ireland FAB,T,2025,2596776
High,UK-Ireland FAB,AD,2025,1841623
High,UK-Ireland FAB,I,2025,398043
High,UK-Ireland FAB,O,2025,357110
High,UK-Ireland FAB,T,2025,2596776
Low,UK-Ireland FAB,AD,2025,1841623
Low,UK-Ireland FAB,I,2025,398043
Low,UK-Ireland FAB,O,2025,357110
Low,UK-Ireland FAB,T,2025,2596776
Base,Ukraine,AD,2025,58
Base,Ukraine,O,2025,930
Base,Ukraine,T,2025,988
High,Ukraine,AD,2025,58
High,Ukraine,O,2025,930
High,Ukraine,T,2025,988
Low,Ukraine,AD,2025,58
Low,Ukraine,O,2025,930
Low,Ukraine,T,2025,988
Base,NM Area,AD,2026,2118787.142918899
Base,NM Area,I,2026,9148457.4460928
Base,NM Area,O,2026,147868.39688765284
Base,NM Area,T,2026,11415112.9858994
High,NM Area,AD,2026,2147165.907796309
High,NM Area,I,2026,9293116.62691389
High,NM Area,O,2026,150414.07255656904
High,NM Area,T,2026,11590696.6072668
Low,NM Area,AD,2026,2084825.38628897
Low,NM Area,I,2026,8976493.357614046
Low,NM Area,O,2026,145552.11095648687
Low,NM Area,T,2026,11206870.8548595
Base,Albania,AD,2026,81710.77392309396
Base,Albania,I,2026,27.2293121115348
Base,Albania,O,2026,351685.71306750743
Base,Albania,T,2026,433423.716302713
High,Albania,AD,2026,83877.08664568864
High,Albania,I,2026,28.1977467532092
High,Albania,O,2026,357275.56691347994
High,Albania,T,2026,441180.851305922
Low,Albania,AD,2026,79626.53105186623
Low,Albania,I,2026,26.2435981669629
Low,Albania,O,2026,345656.46226358187
Low,Albania,T,2026,425309.236913615
Base,Armenia,AD,2026,45377.674953755806
Base,Armenia,I,2026,25.7034269957798
Base,Armenia,O,2026,115356.96833158424
Base,Armenia,T,2026,160760.346712336
High,Armenia,AD,2026,46124.37204073824
High,Armenia,I,2026,26.5510719117253
High,Armenia,O,2026,116653.59131711254
High,Armenia,T,2026,162804.514429762
Low,Armenia,AD,2026,44625.20405456865
Low,Armenia,I,2026,24.8968778150482
Low,Armenia,O,2026,113942.52739675598
Low,Armenia,T,2026,158592.62832914
Base,Austria,AD,2026,316288.5756777765
Base,Austria,I,2026,10538.1411318778
Base,Austria,O,2026,1421082.7933736786
Base,Austria,T,2026,1747909.51018333
High,Austria,AD,2026,321872.04519886256
High,Austria,I,2026,10747.2296536792
High,Austria,O,2026,1442708.6289414794
High,Austria,T,2026,1775327.90379402
Low,Austria,AD,2026,310410.92935182067
Low,Austria,I,2026,10338.3175629682
Low,Austria,O,2026,1396126.7777609143
Low,Austria,T,2026,1716876.0246757
Base,Azerbaijan,AD,2026,76019.26676673624
Base,Azerbaijan,I,2026,8877.23811606582
Base,Azerbaijan,O,2026,283924.44184472127
Base,Azerbaijan,T,2026,368820.946727523
High,Azerbaijan,AD,2026,77451.19280221622
High,Azerbaijan,I,2026,8983.12983425857
High,Azerbaijan,O,2026,286706.46222805075
High,Azerbaijan,T,2026,373140.784864526
Low,Azerbaijan,AD,2026,74530.51773762268
Low,Azerbaijan,I,2026,8764.74388119209
Low,Azerbaijan,O,2026,280618.60989826807
Low,Azerbaijan,T,2026,363913.871517083
Base,BLUE MED FAB,AD,2026,1662989.3968891257
Base,BLUE MED FAB,I,2026,527182.670216709
Base,BLUE MED FAB,O,2026,1132090.2571604745
Base,BLUE MED FAB,T,2026,3322262.32426631
High,BLUE MED FAB,AD,2026,1693313.2123030492
High,BLUE MED FAB,I,2026,534618.966882607
High,BLUE MED FAB,O,2026,1151459.4524164668
High,BLUE MED FAB,T,2026,3379391.63160212
Low,BLUE MED FAB,AD,2026,1631795.6531830337
Low,BLUE MED FAB,I,2026,519766.542168782
Low,BLUE MED FAB,O,2026,1112034.565907932
Low,BLUE MED FAB,T,2026,3263596.76125975
Base,Baltic FAB,AD,2026,540143.6892683122
Base,Baltic FAB,I,2026,50642.0115343959
Base,Baltic FAB,O,2026,333563.80378202087
Base,Baltic FAB,T,2026,924349.504584729
High,Baltic FAB,AD,2026,547362.073330284
High,Baltic FAB,I,2026,50968.4224312004
High,Baltic FAB,O,2026,339897.8520080704
High,Baltic FAB,T,2026,938228.347769556
Low,Baltic FAB,AD,2026,530437.6440544795
Low,Baltic FAB,I,2026,50002.3202237915
Low,Baltic FAB,O,2026,327446.42913318356
Low,Baltic FAB,T,2026,907886.393411455
Base,Belgium/Luxembourg,AD,2026,404627.4331776516
Base,Belgium/Luxembourg,I,2026,6136.69900088972
Base,Belgium/Luxembourg,O,2026,888463.7495845233
Base,Belgium/Luxembourg,T,2026,1299227.88176306
High,Belgium/Luxembourg,AD,2026,411669.780838344
High,Belgium/Luxembourg,I,2026,6243.37429822036
High,Belgium/Luxembourg,O,2026,901754.8772808256
High,Belgium/Luxembourg,T,2026,1319668.03241739
Low,Belgium/Luxembourg,AD,2026,397336.75534319546
Low,Belgium/Luxembourg,I,2026,6032.68907888528
Low,Belgium/Luxembourg,O,2026,869703.7899912681
Low,Belgium/Luxembourg,T,2026,1273073.23441335
Base,Bosnia and Herzegovina,AD,2026,27595.66188556479
Base,Bosnia and Herzegovina,I,2026,153.373861602854
Base,Bosnia and Herzegovina,O,2026,601399.2130444796
Base,Bosnia and Herzegovina,T,2026,629148.248791647
High,Bosnia and Herzegovina,AD,2026,28237.651759802196
High,Bosnia and Herzegovina,I,2026,166.057145394196
High,Bosnia and Herzegovina,O,2026,611651.2286783615
High,Bosnia and Herzegovina,T,2026,640054.937583558
Low,Bosnia and Herzegovina,AD,2026,26968.811992407813
Low,Bosnia and Herzegovina,I,2026,140.824524740088
Low,Bosnia and Herzegovina,O,2026,590518.079419136
Low,Bosnia and Herzegovina,T,2026,617627.715936283
Base,Bulgaria,AD,2026,93739.40111919085
Base,Bulgaria,I,2026,4012.61388924919
Base,Bulgaria,O,2026,1069867.2781971756
Base,Bulgaria,T,2026,1167619.29320562
High,Bulgaria,AD,2026,95643.10962171783
High,Bulgaria,I,2026,4074.00143802199
High,Bulgaria,O,2026,1084458.940352046
High,Bulgaria,T,2026,1184176.05141179
Low,Bulgaria,AD,2026,91794.40674672576
Low,Bulgaria,I,2026,3953.27745248102
Low,Bulgaria,O,2026,1053032.401972842
Low,Bulgaria,T,2026,1148780.08617205
Base,Croatia,AD,2026,125746.48505517581
Base,Croatia,I,2026,10365.4909962857
Base,Croatia,O,2026,930909.470017931
Base,Croatia,T,2026,1067021.44606939
High,Croatia,AD,2026,128963.17597286616
High,Croatia,I,2026,10530.2262340054
High,Croatia,O,2026,946281.493226034
High,Croatia,T,2026,1085774.89543291
Low,Croatia,AD,2026,122263.70487612228
Low,Croatia,I,2026,10200.7515977618
Low,Croatia,O,2026,914899.3631394538
Low,Croatia,T,2026,1047363.81961334
Base,Cyprus,AD,2026,104290.82877188154
Base,Cyprus,I,2026,1938.31626249683
Base,Cyprus,O,2026,323602.5382827388
Base,Cyprus,T,2026,429831.683317117
High,Cyprus,AD,2026,106447.93477909356
High,Cyprus,I,2026,1944.28855458397
High,Cyprus,O,2026,328634.437370756
High,Cyprus,T,2026,437026.660704433
Low,Cyprus,AD,2026,102198.01946929266
Low,Cyprus,I,2026,1932.41204558143
Low,Cyprus,O,2026,318441.9599604515
Low,Cyprus,T,2026,422572.391475326
Base,Czech Republic,AD,2026,168186.2414408696
Base,Czech Republic,I,2026,6381.36712903103
Base,Czech Republic,O,2026,710929.9832632713
Base,Czech Republic,T,2026,885497.591833172
High,Czech Republic,AD,2026,171553.40621849266
High,Czech Republic,I,2026,6482.54620368787
High,Czech Republic,O,2026,721439.1866489765
High,Czech Republic,T,2026,899475.139071157
Low,Czech Republic,AD,2026,164487.81987547202
Low,Czech Republic,I,2026,6279.67766239958
Low,Czech Republic,O,2026,697609.3846418224
Low,Czech Republic,T,2026,868376.882179693
Base,DK-SE FAB,AD,2026,490903.5718342171
Base,DK-SE FAB,I,2026,129108.5086219545
Base,DK-SE FAB,O,2026,320693.13939956063
Base,DK-SE FAB,T,2026,940705.219855732
High,DK-SE FAB,AD,2026,499744.43964307767
High,DK-SE FAB,I,2026,131808.6401677061
High,DK-SE FAB,O,2026,326359.46572156466
High,DK-SE FAB,T,2026,957912.545532349
Low,DK-SE FAB,AD,2026,480854.9794912788
Low,DK-SE FAB,I,2026,126453.9178316677
Low,DK-SE FAB,O,2026,313812.6086215377
Low,DK-SE FAB,T,2026,921121.505944484
Base,Danube FAB,AD,2026,292647.733036784
Base,Danube FAB,I,2026,30211.3070729256
Base,Danube FAB,O,2026,1036727.7221218419
Base,Danube FAB,T,2026,1359586.76223155
High,Danube FAB,AD,2026,297695.6998906283
High,Danube FAB,I,2026,30589.6801023924
High,Danube FAB,O,2026,1051044.9377795388
High,Danube FAB,T,2026,1379330.31777256
Low,Danube FAB,AD,2026,287265.0903059875
Low,Danube FAB,I,2026,29834.2268749195
Low,Danube FAB,O,2026,1020068.4141245334
Low,Danube FAB,T,2026,1337167.73130544
Base,Denmark,AD,2026,299618.12015540263
Base,Denmark,I,2026,29315.3540021079
Base,Denmark,O,2026,285845.6700426576
Base,Denmark,T,2026,614779.144200168
High,Denmark,AD,2026,304333.9092920091
High,Denmark,I,2026,29636.4782451282
High,Denmark,O,2026,290783.1318709865
High,Denmark,T,2026,624753.519408123
Low,Denmark,AD,2026,294210.3075880943
Low,Denmark,I,2026,28982.8666955772
Low,Denmark,O,2026,279316.8210846977
Low,Denmark,T,2026,602509.99536837
Base,ECAC,AD,2026,2370030.9628644073
Base,ECAC,I,2026,8755533.441239389
Base,ECAC,O,2026,219599.73936017367
Base,ECAC,T,2026,11345164.143464
High,ECAC,AD,2026,2402269.3287846413
High,ECAC,I,2026,8894170.728887238
High,ECAC,O,2026,223174.13114832374
High,ECAC,T,2026,11519614.1888202
Low,ECAC,AD,2026,2331683.27815596
Low,ECAC,I,2026,8590101.710193127
Low,ECAC,O,2026,216266.2781618374
Low,ECAC,T,2026,11138051.2665109
Base,ESRA08,AD,2026,2523107.2639523516
Base,ESRA08,I,2026,8393605.24580034
Base,ESRA08,O,2026,195282.84845079988
Base,ESRA08,T,2026,11111995.3582035
High,ESRA08,AD,2026,2558736.6804373385
High,ESRA08,I,2026,8524949.395932706
High,ESRA08,O,2026,198812.76414189138
High,ESRA08,T,2026,11282498.8405119
Low,ESRA08,AD,2026,2480883.6957484996
Low,ESRA08,I,2026,8235965.971703278
Low,ESRA08,O,2026,191958.4891820878
Low,ESRA08,T,2026,10908808.1566339
Base,EU27,AD,2026,3917007.826743886
Base,EU27,I,2026,5017298.332947244
Base,EU27,O,2026,1061127.5946790453
Base,EU27,T,2026,9995433.75437018
High,EU27,AD,2026,3978072.108568104
High,EU27,I,2026,5099300.92772963
High,EU27,O,2026,1074388.9207420312
High,EU27,T,2026,10151761.9570398
Low,EU27,AD,2026,3839675.613711298
Low,EU27,I,2026,4918319.276323584
Low,EU27,O,2026,1048268.1252215975
Low,EU27,T,2026,9806263.01525648
Base,Estonia,AD,2026,40739.4049090057
Base,Estonia,I,2026,3070.40425876357
Base,Estonia,O,2026,139983.36921126713
Base,Estonia,T,2026,183793.178379036
High,Estonia,AD,2026,41662.51441976574
High,Estonia,I,2026,3123.69385348606
High,Estonia,O,2026,142231.64241204434
High,Estonia,T,2026,187017.850685296
Low,Estonia,AD,2026,39751.422671328044
Low,Estonia,I,2026,3013.53140627372
Low,Estonia,O,2026,137559.40367659315
Low,Estonia,T,2026,180324.357754195
Base,FAB CE,AD,2026,783831.9504288657
Base,FAB CE,I,2026,66549.97044938177
Base,FAB CE,O,2026,2055967.78262793
Base,FAB CE,T,2026,2906349.70350618
High,FAB CE,AD,2026,799326.3281075291
High,FAB CE,I,2026,67963.55889259593
High,FAB CE,O,2026,2086923.3782073741
High,FAB CE,T,2026,2954213.2652075
Low,FAB CE,AD,2026,767357.1802627648
Low,FAB CE,I,2026,65151.82253071474
Low,FAB CE,O,2026,2020573.1261811466
Low,FAB CE,T,2026,2853082.12897463
Base,FABEC,AD,2026,3512018.5669400566
Base,FABEC,I,2026,974335.3538400567
Base,FABEC,O,2026,1910280.916432669
Base,FABEC,T,2026,6396634.83721278
High,FABEC,AD,2026,3566918.133880235
High,FABEC,I,2026,989237.3552001704
High,FABEC,O,2026,1940228.7428809344
High,FABEC,T,2026,6496384.23196134
Low,FABEC,AD,2026,3439958.169857444
Low,FABEC,I,2026,955781.9156870657
Low,FABEC,O,2026,1877330.6334062235
Low,FABEC,T,2026,6273070.71895073
Base,Finland,AD,2026,153665.72758882577
Base,Finland,I,2026,35400.4441623772
Base,Finland,O,2026,61841.33571243884
Base,Finland,T,2026,250907.507463642
High,Finland,AD,2026,156686.7114629411
High,Finland,I,2026,36049.5864769974
High,Finland,O,2026,62816.99329485531
High,Finland,T,2026,255553.291234794
Low,Finland,AD,2026,150474.4865927594
Low,Finland,I,2026,34783.7083501656
Low,Finland,O,2026,60861.12927393801
Low,Finland,T,2026,246119.324216863
Base,France,AD,2026,1236407.293365817
Base,France,I,2026,329147.040403069
Base,France,O,2026,2131945.4415322514
Base,France,T,2026,3697499.77530114
High,France,AD,2026,1258689.0463896971
High,France,I,2026,334032.092456957
High,France,O,2026,2165880.4371605115
High,France,T,2026,3758601.57600716
Low,France,AD,2026,1212220.6429970013
Low,France,I,2026,324320.743770976
Low,France,O,2026,2093384.523546465
Low,France,T,2026,3629925.91031444
Base,Georgia,AD,2026,77658.92973980385
Base,Georgia,I,2026,450.509155171921
Base,Georgia,O,2026,244100.78215685493
Base,Georgia,T,2026,322210.221051831
High,Georgia,AD,2026,79030.3186681577
High,Georgia,I,2026,471.530298162777
High,Georgia,O,2026,247291.45521031914
High,Georgia,T,2026,326793.30417664
Low,Georgia,AD,2026,76268.43610267979
Low,Georgia,I,2026,429.588108919772
Low,Georgia,O,2026,240590.08737701635
Low,Georgia,T,2026,317288.111588616
Base,Germany,AD,2026,1585628.0223604364
Base,Germany,I,2026,225211.873293336
Base,Germany,O,2026,1388123.4236299766
Base,Germany,T,2026,3198963.31928375
High,Germany,AD,2026,1610565.895307036
High,Germany,I,2026,228241.711930931
High,Germany,O,2026,1409178.0622651335
High,Germany,T,2026,3247985.6695031
Low,Germany,AD,2026,1558516.5400163827
Low,Germany,I,2026,222254.373348945
Low,Germany,O,2026,1357923.6368852146
Low,Germany,T,2026,3138694.55025054
Base,Greece,AD,2026,442402.58167113917
Base,Greece,I,2026,139527.966602398
Base,Greece,O,2026,598237.8521471822
Base,Greece,T,2026,1180168.40042072
High,Greece,AD,2026,451007.0884536213
High,Greece,I,2026,140942.002357009
High,Greece,O,2026,607530.3838466024
High,Greece,T,2026,1199479.47465723
Low,Greece,AD,2026,433372.4908090125
Low,Greece,I,2026,138097.224312575
Low,Greece,O,2026,588334.0724698682
Low,Greece,T,2026,1159803.78759146
Base,Hungary,AD,2026,151816.42838807678
Base,Hungary,I,2026,1386.8251959353
Base,Hungary,O,2026,1106967.097646572
Base,Hungary,T,2026,1260170.35123058
High,Hungary,AD,2026,154709.42090320884
High,Hungary,I,2026,1410.04103310684
High,Hungary,O,2026,1122980.9442178428
High,Hungary,T,2026,1279100.40615416
Low,Hungary,AD,2026,148889.0174391396
Low,Hungary,I,2026,1363.67401227711
Low,Hungary,O,2026,1087966.535479539
Low,Hungary,T,2026,1238219.22693095
Base,Iceland,AD,2026,64419.4355745216
Base,Iceland,I,2026,12773.7034500737
Base,Iceland,O,2026,103829.63942594508
Base,Iceland,T,2026,181022.77845054
High,Iceland,AD,2026,66014.92503452508
High,Iceland,I,2026,13164.6636033172
High,Iceland,O,2026,105199.65700929813
High,Iceland,T,2026,184379.24564714
Low,Iceland,AD,2026,62692.61817623667
Low,Iceland,I,2026,12378.0801265156
Low,Iceland,O,2026,102026.00461743881
Low,Iceland,T,2026,177096.702920191
Base,Ireland,AD,2026,325796.18281320255
Base,Ireland,I,2026,6512.42334057477
Base,Ireland,O,2026,395522.76472525997
Base,Ireland,T,2026,727831.370879038
High,Ireland,AD,2026,330833.10370894714
High,Ireland,I,2026,6624.09047057945
High,Ireland,O,2026,400246.627004912
High,Ireland,T,2026,737703.821184439
Low,Ireland,AD,2026,303840.28011470044
Low,Ireland,I,2026,6048.96563763593
Low,Ireland,O,2026,389741.1751789215
Low,Ireland,T,2026,699630.420931258
Base,Israel,AD,2026,102830.6961821999
Base,Israel,I,2026,9980.75733243457
Base,Israel,O,2026,21910.852854788725
Base,Israel,T,2026,134722.306369423
High,Israel,AD,2026,104623.33151069829
High,Israel,I,2026,10044.3934981445
High,Israel,O,2026,22227.055735505535
High,Israel,T,2026,136894.780744348
Low,Israel,AD,2026,100964.46965082579
Low,Israel,I,2026,9916.43335794289
Low,Israel,O,2026,21570.28952368313
Low,Israel,T,2026,132451.192532452
Base,Italy,AD,2026,1196260.6453165668
Base,Italy,I,2026,306130.54957271
Base,Italy,O,2026,898295.9464700717
Base,Italy,T,2026,2400687.14135935
High,Italy,AD,2026,1217543.966122024
High,Italy,I,2026,310464.494020865
High,Italy,O,2026,914361.8619727737
High,Italy,T,2026,2442370.32211566
Low,Italy,AD,2026,1174835.870704462
Low,Italy,I,2026,301688.972181076
Low,Italy,O,2026,881944.8167024758
Low,Italy,T,2026,2358469.65958801
Base,Latvia,AD,2026,65854.85686806537
Base,Latvia,I,2026,838.807869497167
Base,Latvia,O,2026,183816.76343060145
Base,Latvia,T,2026,250510.428168164
High,Latvia,AD,2026,67277.73990965428
High,Latvia,I,2026,855.052643562012
High,Latvia,O,2026,186956.56930182772
High,Latvia,T,2026,255089.361855044
Low,Latvia,AD,2026,64327.44403809395
Low,Latvia,I,2026,822.748724722359
Low,Latvia,O,2026,180480.13478313276
Low,Latvia,T,2026,245630.327545949
Base,Lithuania,AD,2026,61838.151892759925
Base,Lithuania,I,2026,2421.27761710892
Base,Lithuania,O,2026,169208.28560536803
Base,Lithuania,T,2026,233467.715115237
High,Lithuania,AD,2026,63014.67885281407
High,Lithuania,I,2026,2445.03220725464
High,Lithuania,O,2026,172357.1754148443
High,Lithuania,T,2026,237816.886474913
Low,Lithuania,AD,2026,60534.92444310272
Low,Lithuania,I,2026,2397.96721083663
Low,Lithuania,O,2026,166067.57152622612
Low,Lithuania,T,2026,229000.463180165
Base,Malta,AD,2026,77643.3747330783
Base,Malta,I,2026,641.920357723926
Base,Malta,O,2026,96271.89609600582
Base,Malta,T,2026,174557.191186808
High,Malta,AD,2026,79249.08986859978
High,Malta,I,2026,659.20186539094
High,Malta,O,2026,97859.61635353317
High,Malta,T,2026,177767.908087524
Low,Malta,AD,2026,75958.79451413597
Low,Malta,I,2026,624.905382402405
Low,Malta,O,2026,94729.78991769283
Low,Malta,T,2026,171313.489814231
Base,Moldova,AD,2026,51525.11405513331
Base,Moldova,I,2026,21.6677900598725
Base,Moldova,O,2026,77.48227610871346
Base,Moldova,T,2026,51624.2641213019
High,Moldova,AD,2026,52473.59979091257
High,Moldova,I,2026,23.3853615656095
High,Moldova,O,2026,78.83290601337296
High,Moldova,T,2026,52575.8180584916
Low,Moldova,AD,2026,50505.324539401976
Low,Moldova,I,2026,19.9403065022947
Low,Moldova,O,2026,75.93528554444913
Low,Moldova,T,2026,50601.2001314487
Base,Morocco,AD,2026,243214.29066263675
Base,Morocco,I,2026,32917.1958778325
Base,Morocco,O,2026,326418.01972025237
Base,Morocco,T,2026,602549.506260721
High,Morocco,AD,2026,246970.91855451628
High,Morocco,I,2026,33386.1155314878
High,Morocco,O,2026,331540.8035700375
High,Morocco,T,2026,611897.837656042
Low,Morocco,AD,2026,239057.58587848334
Low,Morocco,I,2026,32424.9962581236
Low,Morocco,O,2026,320829.7586852969
Low,Morocco,T,2026,592312.340821904
Base,NEFAB,AD,2026,419548.54503428633
Base,NEFAB,I,2026,338803.2891757276
Base,NEFAB,O,2026,203057.37000807718
Base,NEFAB,T,2026,961409.204218091
High,NEFAB,AD,2026,427821.3758284086
High,NEFAB,I,2026,342779.98275471263
High,NEFAB,O,2026,206222.10582897786
High,NEFAB,T,2026,976823.464412099
Low,NEFAB,AD,2026,410207.5740146654
Low,NEFAB,I,2026,334941.31837438396
Low,NEFAB,O,2026,199551.75549266688
Low,NEFAB,T,2026,944700.647881716
Base,Netherlands,AD,2026,574989.0505873187
Base,Netherlands,I,2026,14085.987984741943
Base,Netherlands,O,2026,660093.116111748
Base,Netherlands,T,2026,1249168.15468381
High,Netherlands,AD,2026,583557.5777888962
High,Netherlands,I,2026,14278.727746029357
High,Netherlands,O,2026,669718.6906091961
High,Netherlands,T,2026,1267554.99614412
Low,Netherlands,AD,2026,546319.7096613352
Low,Netherlands,I,2026,13845.632143978497
Low,Netherlands,O,2026,647764.7663811392
Low,Netherlands,T,2026,1207930.10818645
Base,North Macedonia,AD,2026,27833.1188538922
Base,North Macedonia,I,2026,14.9992122403882
Base,North Macedonia,O,2026,294566.9137610355
Base,North Macedonia,T,2026,322415.031827167
High,North Macedonia,AD,2026,28483.68039654252
High,North Macedonia,I,2026,16.9161003808382
High,North Macedonia,O,2026,299464.485720191
High,North Macedonia,T,2026,327965.082217114
Low,North Macedonia,AD,2026,27176.248234284507
Low,North Macedonia,I,2026,13.4511938975771
Low,North Macedonia,O,2026,289222.01498845144
Low,North Macedonia,T,2026,316411.714416633
Base,Norway-Continental,AD,2026,221107.2564277329
Base,Norway-Continental,I,2026,266559.300158229
Base,Norway-Continental,O,2026,83382.13416369622
Base,Norway-Continental,T,2026,571048.690749658
High,Norway-Continental,AD,2026,225295.72121017432
High,Norway-Continental,I,2026,269137.144403658
High,Norway-Continental,O,2026,84813.17344523732
High,Norway-Continental,T,2026,579246.03905907
Low,Norway-Continental,AD,2026,216245.96028267057
Low,Norway-Continental,I,2026,264038.939149137
Low,Norway-Continental,O,2026,81620.80838672412
Low,Norway-Continental,T,2026,561905.707818532
Base,Poland,AD,2026,488350.9175434477
Base,Poland,I,2026,43198.0438333404
Base,Poland,O,2026,318609.5368965718
Base,Poland,T,2026,850158.498273359
High,Poland,AD,2026,494464.47422922857
High,Poland,I,2026,43464.850348067
High,Poland,O,2026,324908.93420438416
High,Poland,T,2026,862838.25878168
Low,Poland,AD,2026,479799.4318760594
Low,Poland,I,2026,42655.9968806142
Low,Poland,O,2026,312544.2213448717
Low,Poland,T,2026,834999.650101545
Base,Portugal,AD,2026,412273.70892395795
Base,Portugal,I,2026,66027.18548621671
Base,Portugal,O,2026,399108.0023923676
Base,Portugal,T,2026,877408.896802542
High,Portugal,AD,2026,418943.0055971939
High,Portugal,I,2026,66842.22920154559
High,Portugal,O,2026,404938.62557470053
High,Portugal,T,2026,890723.860373439
Low,Portugal,AD,2026,405026.1116166103
Low,Portugal,I,2026,65256.6120151012
Low,Portugal,O,2026,392227.6961537218
Low,Portugal,T,2026,862510.419785433
Base,Portugal-Continental,AD,2026,418679.8521694417
Base,Portugal-Continental,I,2026,33070.1285030119
Base,Portugal-Continental,O,2026,333580.91482206166
Base,Portugal-Continental,T,2026,785330.895494516
High,Portugal-Continental,AD,2026,425352.9386042038
High,Portugal-Continental,I,2026,33461.9133479436
High,Portugal-Continental,O,2026,338583.07952893723
High,Portugal-Continental,T,2026,797397.931481086
Low,Portugal-Continental,AD,2026,411445.7227940956
Low,Portugal-Continental,I,2026,32696.0527364205
Low,Portugal-Continental,O,2026,327835.5521155945
Low,Portugal-Continental,T,2026,771977.327646111
Base,Portugal-SantaMaria,AD,2026,20880.01937021041
Base,Portugal-SantaMaria,I,2026,19313.9756753577
Base,Portugal-SantaMaria,O,2026,167398.31803894267
Base,Portugal-SantaMaria,T,2026,207592.313084511
High,Portugal-SantaMaria,AD,2026,21313.157676752246
High,Portugal-SantaMaria,I,2026,19518.7705117204
High,Portugal-SantaMaria,O,2026,169720.98502825949
High,Portugal-SantaMaria,T,2026,210552.913216732
Low,Portugal-SantaMaria,AD,2026,20463.986160738023
Low,Portugal-SantaMaria,I,2026,19118.7606095691
Low,Portugal-SantaMaria,O,2026,164854.66441087832
Low,Portugal-SantaMaria,T,2026,204437.411181185
Base,Romania,AD,2026,201662.19135130418
Base,Romania,I,2026,24821.7634668208
Base,Romania,O,2026,714195.0421769124
Base,Romania,T,2026,940678.996995036
High,Romania,AD,2026,204879.41979615172
High,Romania,I,2026,25102.26390075
High,Romania,O,2026,723518.3190118877
High,Romania,T,2026,953500.00270879
Low,Romania,AD,2026,198152.67703161147
Low,Romania,I,2026,24539.9526862636
Low,Romania,O,2026,702832.2022461126
Low,Romania,T,2026,925524.831963987
Base,SES-RP2,AD,2026,2686861.612283777
Base,SES-RP2,I,2026,7413788.971540572
Base,SES-RP2,O,2026,427612.32952071936
Base,SES-RP2,T,2026,10528262.9133451
High,SES-RP2,AD,2026,2726658.745872993
High,SES-RP2,I,2026,7529899.188923298
High,SES-RP2,O,2026,434757.4945962418
High,SES-RP2,T,2026,10691315.4293925
Low,SES-RP2,AD,2026,2640099.77501618
Low,SES-RP2,I,2026,7271673.652439807
Low,SES-RP2,O,2026,420724.89851076435
Low,SES-RP2,T,2026,10332498.3259668
Base,SES-RP3,AD,2026,3650791.1952320244
Base,SES-RP3,I,2026,5750659.486567057
Base,SES-RP3,O,2026,856213.3723239279
Base,SES-RP3,T,2026,10257664.054123
High,SES-RP3,AD,2026,3707103.8792395676
High,SES-RP3,I,2026,5841971.442433654
High,SES-RP3,O,2026,867734.2560918471
High,SES-RP3,T,2026,10416809.5777651
Low,SES-RP3,AD,2026,3579350.4263509517
Low,SES-RP3,I,2026,5641398.8715551635
Low,SES-RP3,O,2026,844984.9478161557
Low,SES-RP3,T,2026,10065734.2457223
Base,Serbia/Montenegro,AD,2026,143682.82673011522
Base,Serbia/Montenegro,I,2026,9490.78877601395
Base,Serbia/Montenegro,O,2026,948666.8334162501
Base,Serbia/Montenegro,T,2026,1101840.44892238
High,Serbia/Montenegro,AD,2026,146366.9700634199
High,Serbia/Montenegro,I,2026,9651.06202196987
High,Serbia/Montenegro,O,2026,964212.1454095923
High,Serbia/Montenegro,T,2026,1120230.17749498
Low,Serbia/Montenegro,AD,2026,140974.3371522317
Low,Serbia/Montenegro,I,2026,9327.67413282427
Low,Serbia/Montenegro,O,2026,931951.199840808
Low,Serbia/Montenegro,T,2026,1082253.21112586
Base,Slovakia,AD,2026,36449.239470298206
Base,Slovakia,I,2026,2280.14549203906
Base,Slovakia,O,2026,583575.4365165882
Base,Slovakia,T,2026,622304.821478926
High,Slovakia,AD,2026,37324.26679782197
High,Slovakia,I,2026,2329.93866179651
High,Slovakia,O,2026,592948.5829094846
High,Slovakia,T,2026,632602.788369103
Low,Slovakia,AD,2026,35550.669938424275
Low,Slovakia,I,2026,2232.25609162839
Low,Slovakia,O,2026,572385.7244386071
Low,Slovakia,T,2026,610168.650468659
Base,Slovenia,AD,2026,25666.233219638656
Base,Slovenia,I,2026,1352.44309528645
Base,Slovenia,O,2026,595436.8624712848
Base,Slovenia,T,2026,622455.53878621
High,Slovenia,AD,2026,26249.558097632624
High,Slovenia,I,2026,1368.41800675443
High,Slovenia,O,2026,605112.9255983386
High,Slovenia,T,2026,632730.901702726
Low,Slovenia,AD,2026,25045.673969935764
Low,Slovenia,I,2026,1336.58503124435
Low,Slovenia,O,2026,584759.5877219223
Low,Slovenia,T,2026,611141.846723102
Base,South West FAB,AD,2026,1800124.4465448388
Base,South West FAB,I,2026,552602.817623823
Base,South West FAB,O,2026,290981.7580573915
Base,South West FAB,T,2026,2643709.02222605
High,South West FAB,AD,2026,1828855.59800054
High,South West FAB,I,2026,559223.454123888
High,South West FAB,O,2026,295237.41505539516
High,South West FAB,T,2026,2683316.46717982
Low,South West FAB,AD,2026,1768885.8364079646
Low,South West FAB,I,2026,546365.812950157
Low,South West FAB,O,2026,286233.9231927698
Low,South West FAB,T,2026,2601485.57255089
Base,Spain,AD,2026,1493840.4601915744
Base,Spain,I,2026,469287.154192235
Base,Spain,O,2026,596767.8237329676
Base,Spain,T,2026,2559895.43811678
High,Spain,AD,2026,1517369.8548006623
High,Spain,I,2026,474888.531465523
High,Spain,O,2026,606000.2667193431
High,Spain,T,2026,2598258.65298553
Low,Spain,AD,2026,1468455.545846992
Low,Spain,I,2026,464010.531655593
Low,Spain,O,2026,586382.0206291834
Low,Spain,T,2026,2518848.09813177
Base,Spain-Canaries,AD,2026,275345.9863512208
Base,Spain-Canaries,I,2026,99401.1158990949
Base,Spain-Canaries,O,2026,65657.99236377593
Base,Spain-Canaries,T,2026,440405.094614091
High,Spain-Canaries,AD,2026,280010.4387899802
High,Spain-Canaries,I,2026,100766.232931135
High,Spain-Canaries,O,2026,66579.27456965527
High,Spain-Canaries,T,2026,447355.946290771
Low,Spain-Canaries,AD,2026,270084.8813944544
Low,Spain-Canaries,I,2026,98106.9030207717
Low,Spain-Canaries,O,2026,64738.21453320333
Low,Spain-Canaries,T,2026,432929.998948429
Base,Spain-Continental,AD,2026,1383052.7653866704
Base,Spain-Continental,I,2026,281653.993840858
Base,Spain-Continental,O,2026,738567.3724564934
Base,Spain-Continental,T,2026,2403274.13168402
High,Spain-Continental,AD,2026,1404478.159937456
High,Spain-Continental,I,2026,284501.832215199
High,Spain-Continental,O,2026,750348.6417278647
High,Spain-Continental,T,2026,2439328.63388052
Low,Spain-Continental,AD,2026,1360498.0062055688
Low,Spain-Continental,I,2026,278990.97446307
Low,Spain-Continental,O,2026,724939.3751577978
Low,Spain-Continental,T,2026,2364428.35582644
Base,Sweden,AD,2026,231726.81027066582
Base,Sweden,I,2026,78970.5817458075
Base,Sweden,O,2026,373122.7605540102
Base,Sweden,T,2026,683820.152570484
High,Sweden,AD,2026,236565.9203050295
High,Sweden,I,2026,80983.2112855644
High,Sweden,O,2026,379302.9867874972
High,Sweden,T,2026,696852.118378091
Low,Sweden,AD,2026,226400.84228048055
Low,Sweden,I,2026,77000.482870696
Low,Sweden,O,2026,366024.1579064669
Low,Sweden,T,2026,669425.483057644
Base,Switzerland,AD,2026,470496.15374319715
Base,Switzerland,I,2026,16358.6256111859
Base,Switzerland,O,2026,730120.9941041276
Base,Switzerland,T,2026,1216975.77345851
High,Switzerland,AD,2026,475444.53286652267
High,Switzerland,I,2026,16545.2106879351
High,Switzerland,O,2026,743036.749164016
High,Switzerland,T,2026,1235026.49271847
Low,Switzerland,AD,2026,465309.67707238503
Low,Switzerland,I,2026,16185.9287527361
Low,Switzerland,O,2026,716265.411456115
Low,Switzerland,T,2026,1197761.01728123
Base,Türkiye,AD,2026,935820.7453182279
Base,Türkiye,I,2026,345573.608769959
Base,Türkiye,O,2026,643820.4669558774
Base,Türkiye,T,2026,1925214.82104406
High,Türkiye,AD,2026,950112.8501159474
High,Türkiye,I,2026,349717.359116481
High,Türkiye,O,2026,652160.4055047103
High,Türkiye,T,2026,1951990.61473714
Low,Türkiye,AD,2026,920862.3819192424
Low,Türkiye,I,2026,341510.722875642
Low,Türkiye,O,2026,634011.4365644257
Low,Türkiye,T,2026,1896384.54135931
Base,UK-Continental,AD,2026,1800085.0053772714
Base,UK-Continental,I,2026,272419.911152928
Base,UK-Continental,O,2026,514452.00849502545
Base,UK-Continental,T,2026,2586956.92502523
High,UK-Continental,AD,2026,1824422.5188686617
High,UK-Continental,I,2026,276639.922976707
High,UK-Continental,O,2026,522214.1053778598
High,UK-Continental,T,2026,2623276.54722323
Low,UK-Continental,AD,2026,1767631.3573533695
Low,UK-Continental,I,2026,268279.152129516
Low,UK-Continental,O,2026,495966.81547611457
Low,UK-Continental,T,2026,2531877.324959
Base,UK-Ireland FAB,AD,2026,1884948.803158821
Base,UK-Ireland FAB,I,2026,399399.033445829
Base,UK-Ireland FAB,O,2026,359337.25892929337
Base,UK-Ireland FAB,T,2026,2643685.09553394
High,UK-Ireland FAB,AD,2026,1911685.7189697337
High,UK-Ireland FAB,I,2026,405049.508868347
High,UK-Ireland FAB,O,2026,364476.41346545453
High,UK-Ireland FAB,T,2026,2681211.64130354
Low,UK-Ireland FAB,AD,2026,1845259.6470251628
Low,UK-Ireland FAB,I,2026,387434.582267898
Low,UK-Ireland FAB,O,2026,352022.8356416102
Low,UK-Ireland FAB,T,2026,2584717.06493467
Base,Ukraine,AD,2026,59.082817660418925
Base,Ukraine,O,2026,965.2608053408861
Base,Ukraine,T,2026,1024.3436230013
High,Ukraine,AD,2026,62.61190441639521
High,Ukraine,O,2026,975.3435798384788
High,Ukraine,T,2026,1037.95548425487
Low,Ukraine,AD,2026,57.461748848268996
Low,Ukraine,O,2026,954.5376817797363
Low,Ukraine,T,2026,1011.99943062801
Base,NM Area,AD,2027,2221353.4930719724
Base,NM Area,I,2027,9397457.082091035
Base,NM Area,O,2027,160657.42399145415
Base,NM Area,T,2027,11779467.9991545
High,NM Area,AD,2027,2279806.9660379943
High,NM Area,I,2027,9684169.48373286
High,NM Area,O,2027,165362.04891913847
High,NM Area,T,2027,12129338.49869
Low,NM Area,AD,2027,2158190.2347946153
Low,NM Area,I,2027,9080995.11787664
Low,NM Area,O,2027,155931.31165739096
Low,NM Area,T,2027,11395116.6643286
Base,Albania,AD,2027,89422.8191189637
Base,Albania,I,2027,25.2129074418303
Base,Albania,O,2027,368524.7044607097
Base,Albania,T,2027,457972.736487115
High,Albania,AD,2027,93747.10927101049
High,Albania,I,2027,26.0541422433672
High,Albania,O,2027,379037.0371602954
High,Albania,T,2027,472810.20057355
Low,Albania,AD,2027,85017.33115946758
Low,Albania,I,2027,24.3569083188028
Low,Albania,O,2027,357459.01115463325
Low,Albania,T,2027,442500.69922242
Base,Armenia,AD,2027,47004.04425676248
Base,Armenia,I,2027,26.4721876354932
Base,Armenia,O,2027,122018.8463977953
Base,Armenia,T,2027,169049.362842193
High,Armenia,AD,2027,48500.168517233826
High,Armenia,I,2027,27.6664251986028
High,Armenia,O,2027,124632.95639290017
High,Armenia,T,2027,173160.791335333
Low,Armenia,AD,2027,45319.89685496836
Low,Armenia,I,2027,25.1623735446854
Low,Armenia,O,2027,119238.05904286743
Low,Armenia,T,2027,164583.118271381
Base,Austria,AD,2027,324738.5258757272
Base,Austria,I,2027,10523.8584705281
Base,Austria,O,2027,1472255.771746881
Base,Austria,T,2027,1807518.15609314
High,Austria,AD,2027,335463.2310149321
High,Austria,I,2027,10967.4197584218
High,Austria,O,2027,1513216.3148536256
High,Austria,T,2027,1859646.96562698
Low,Austria,AD,2027,314236.50479716726
Low,Austria,I,2027,10127.7479271565
Low,Austria,O,2027,1426759.0400840137
Low,Austria,T,2027,1751123.29280834
Base,Azerbaijan,AD,2027,81077.06201045301
Base,Azerbaijan,I,2027,9678.49449569767
Base,Azerbaijan,O,2027,298063.2579895254
Base,Azerbaijan,T,2027,388818.814495676
High,Azerbaijan,AD,2027,84170.91005243224
High,Azerbaijan,I,2027,10031.9755024587
High,Azerbaijan,O,2027,302982.09805821674
High,Azerbaijan,T,2027,397184.983613107
Low,Azerbaijan,AD,2027,77865.78573094775
Low,Azerbaijan,I,2027,9311.1867842397
Low,Azerbaijan,O,2027,292338.8392324657
Low,Azerbaijan,T,2027,379515.811747653
Base,BLUE MED FAB,AD,2027,1733005.343876288
Base,BLUE MED FAB,I,2027,536877.027629996
Base,BLUE MED FAB,O,2027,1204184.4666278171
Base,BLUE MED FAB,T,2027,3474066.8381341
High,BLUE MED FAB,AD,2027,1792635.8940672753
High,BLUE MED FAB,I,2027,552302.369618276
High,BLUE MED FAB,O,2027,1243015.3086598732
High,BLUE MED FAB,T,2027,3587953.57234542
Low,BLUE MED FAB,AD,2027,1670924.1248500622
Low,BLUE MED FAB,I,2027,519078.421088871
Low,BLUE MED FAB,O,2027,1164871.7618207512
Low,BLUE MED FAB,T,2027,3354874.30775968
Base,Baltic FAB,AD,2027,559551.2165352837
Base,Baltic FAB,I,2027,50305.4681601656
Base,Baltic FAB,O,2027,343725.08176295727
Base,Baltic FAB,T,2027,953581.766458407
High,Baltic FAB,AD,2027,572067.0579051776
High,Baltic FAB,I,2027,50489.4961402266
High,Baltic FAB,O,2027,356174.29783564503
High,Baltic FAB,T,2027,978730.851881049
Low,Baltic FAB,AD,2027,545708.8494571972
Low,Baltic FAB,I,2027,50180.2157600055
Low,Baltic FAB,O,2027,331407.7827348929
Low,Baltic FAB,T,2027,927296.847952096
Base,Belgium/Luxembourg,AD,2027,413344.98757782066
Base,Belgium/Luxembourg,I,2027,6028.07399293956
Base,Belgium/Luxembourg,O,2027,907526.5966513719
Base,Belgium/Luxembourg,T,2027,1326899.65822213
High,Belgium/Luxembourg,AD,2027,426761.03081598884
High,Belgium/Luxembourg,I,2027,6180.83191865813
High,Belgium/Luxembourg,O,2027,932766.0256485516
High,Belgium/Luxembourg,T,2027,1365707.8883832
Low,Belgium/Luxembourg,AD,2027,400012.016797487
Low,Belgium/Luxembourg,I,2027,5877.98743861631
Low,Belgium/Luxembourg,O,2027,877291.3413163506
Low,Belgium/Luxembourg,T,2027,1283181.34555245
Base,Bosnia and Herzegovina,AD,2027,29352.11895408564
Base,Bosnia and Herzegovina,I,2027,152.332248201417
Base,Bosnia and Herzegovina,O,2027,631010.724262478
Base,Bosnia and Herzegovina,T,2027,660515.175464764
High,Bosnia and Herzegovina,AD,2027,30441.067912680333
High,Bosnia and Herzegovina,I,2027,170.774120168673
High,Bosnia and Herzegovina,O,2027,650480.3046403452
High,Bosnia and Herzegovina,T,2027,681092.146673194
Low,Bosnia and Herzegovina,AD,2027,27895.09284967473
Low,Bosnia and Herzegovina,I,2027,133.48732215314
Low,Bosnia and Herzegovina,O,2027,610418.129320018
Low,Bosnia and Herzegovina,T,2027,638446.709491846
Base,Bulgaria,AD,2027,96623.20610564497
Base,Bulgaria,I,2027,4061.30459492935
Base,Bulgaria,O,2027,1115373.2676100642
Base,Bulgaria,T,2027,1216057.77831064
High,Bulgaria,AD,2027,100450.08643129177
High,Bulgaria,I,2027,4202.17960124673
High,Bulgaria,O,2027,1144743.989060267
High,Bulgaria,T,2027,1249396.2550928
Low,Bulgaria,AD,2027,92750.65462619506
Low,Bulgaria,I,2027,3932.72260722793
Low,Bulgaria,O,2027,1084395.8989309242
Low,Bulgaria,T,2027,1181079.27616435
Base,Croatia,AD,2027,133666.5816902806
Base,Croatia,I,2027,10891.2906476342
Base,Croatia,O,2027,970553.1197969917
Base,Croatia,T,2027,1115110.99213491
High,Croatia,AD,2027,139518.3480898121
High,Croatia,I,2027,11289.0357339103
High,Croatia,O,2027,999873.2895322603
High,Croatia,T,2027,1150680.67335598
Low,Croatia,AD,2027,127518.4505534835
Low,Croatia,I,2027,10506.6568583354
Low,Croatia,O,2027,939453.7221676572
Low,Croatia,T,2027,1077478.82957948
Base,Cyprus,AD,2027,111878.60532846197
Base,Cyprus,I,2027,1943.99830603595
Base,Cyprus,O,2027,366481.0104236083
Base,Cyprus,T,2027,480303.614058106
High,Cyprus,AD,2027,116529.58837999626
High,Cyprus,I,2027,1951.40345669356
High,Cyprus,O,2027,378410.7586697804
High,Cyprus,T,2027,496891.75050647
Low,Cyprus,AD,2027,107542.05659902656
Low,Cyprus,I,2027,1936.42755886748
Low,Cyprus,O,2027,354694.46982962044
Low,Cyprus,T,2027,464172.953987514
Base,Czech Republic,AD,2027,176246.97911249215
Base,Czech Republic,I,2027,6686.77647051344
Base,Czech Republic,O,2027,732534.1641954621
Base,Czech Republic,T,2027,915467.919778468
High,Czech Republic,AD,2027,182891.85014824776
High,Czech Republic,I,2027,6878.99424800386
High,Czech Republic,O,2027,752334.0167059442
High,Czech Republic,T,2027,942104.861102196
Low,Czech Republic,AD,2027,168929.42032993253
Low,Czech Republic,I,2027,6470.04693362728
Low,Czech Republic,O,2027,709845.0281280065
Low,Czech Republic,T,2027,885244.495391566
Base,DK-SE FAB,AD,2027,501625.33630734886
Base,DK-SE FAB,I,2027,131453.0276664129
Base,DK-SE FAB,O,2027,327503.4548547854
Base,DK-SE FAB,T,2027,960581.818828548
High,DK-SE FAB,AD,2027,518932.0456570661
High,DK-SE FAB,I,2027,137076.48978039742
High,DK-SE FAB,O,2027,338654.81975317205
High,DK-SE FAB,T,2027,994663.355190635
Low,DK-SE FAB,AD,2027,482875.7172995747
Low,DK-SE FAB,I,2027,126297.8928233648
Low,DK-SE FAB,O,2027,315670.35210899776
Low,DK-SE FAB,T,2027,924843.962231937
Base,Danube FAB,AD,2027,301217.54905032174
Base,Danube FAB,I,2027,31086.8194595578
Base,Danube FAB,O,2027,1083414.4964633149
Base,Danube FAB,T,2027,1415718.86497319
High,Danube FAB,AD,2027,311673.219680828
High,Danube FAB,I,2027,31905.9930366139
High,Danube FAB,O,2027,1111751.8993834595
High,Danube FAB,T,2027,1455331.1121009
Low,Danube FAB,AD,2027,290400.5042087512
Low,Danube FAB,I,2027,30296.8445914391
Low,Danube FAB,O,2027,1052993.9858370228
Low,Danube FAB,T,2027,1373691.33463721
Base,Denmark,AD,2027,305364.2621358245
Base,Denmark,I,2027,29257.1334131683
Base,Denmark,O,2027,290038.74638984737
Base,Denmark,T,2027,624660.141938841
High,Denmark,AD,2027,314714.6046435169
High,Denmark,I,2027,30002.6141392076
High,Denmark,O,2027,299653.7950922113
High,Denmark,T,2027,644371.013874936
Low,Denmark,AD,2027,295128.868822501
Low,Denmark,I,2027,28627.7016931591
Low,Denmark,O,2027,279240.00556742714
Low,Denmark,T,2027,602996.576083087
Base,ECAC,AD,2027,2501080.821673772
Base,ECAC,I,2027,8957716.387333792
Base,ECAC,O,2027,238979.49500158877
Base,ECAC,T,2027,11697776.7040092
High,ECAC,AD,2027,2567953.2480362044
High,ECAC,I,2027,9230686.189115847
High,ECAC,O,2027,246381.24690200534
High,ECAC,T,2027,12045020.6840541
Low,ECAC,AD,2027,2428470.351562795
Low,ECAC,I,2027,8655867.546827642
Low,ECAC,O,2027,231747.8431745316
Low,ECAC,T,2027,11316085.741565
Base,ESRA08,AD,2027,2652107.0819766754
Base,ESRA08,I,2027,8586479.34212458
Base,ESRA08,O,2027,210803.47478806207
Base,ESRA08,T,2027,11449389.8988893
High,ESRA08,AD,2027,2725219.200548911
High,ESRA08,I,2027,8844534.019455623
High,ESRA08,O,2027,218188.8415412258
High,ESRA08,T,2027,11787942.0615458
Low,ESRA08,AD,2027,2572094.4082042705
Low,ESRA08,I,2027,8300735.571407098
Low,ESRA08,O,2027,203573.91629474176
Low,ESRA08,T,2027,11076403.8959061
Base,EU27,AD,2027,4067393.7222626824
Base,EU27,I,2027,5128621.530613227
Base,EU27,O,2027,1104865.043380481
Base,EU27,T,2027,10300880.2962564
High,EU27,AD,2027,4188530.958391687
High,EU27,I,2027,5290235.280715529
High,EU27,O,2027,1131232.2893575237
High,EU27,T,2027,10609998.5284647
Low,EU27,AD,2027,3929313.783185797
Low,EU27,I,2027,4947931.418835221
Low,EU27,O,2027,1079303.9274503915
Low,EU27,T,2027,9956549.12947141
Base,Estonia,AD,2027,41552.53194473659
Base,Estonia,I,2027,3270.2425564963
Base,Estonia,O,2027,143561.61715879454
Base,Estonia,T,2027,188384.391660027
High,Estonia,AD,2027,43433.37331638816
High,Estonia,I,2027,3386.6625245706
High,Estonia,O,2027,147928.95648328803
High,Estonia,T,2027,194748.992324247
Low,Estonia,AD,2027,39635.26577593164
Low,Estonia,I,2027,3103.58413400364
Low,Estonia,O,2027,139127.5335577159
Low,Estonia,T,2027,181866.383467651
Base,FAB CE,AD,2027,815843.524307016
Base,FAB CE,I,2027,69111.72351338445
Base,FAB CE,O,2027,2131394.854361572
Base,FAB CE,T,2027,3016350.10218197
High,FAB CE,AD,2027,845616.5439493816
High,FAB CE,I,2027,71832.5879461864
High,FAB CE,O,2027,2190660.2096677907
High,FAB CE,T,2027,3108109.34156336
Low,FAB CE,AD,2027,784671.4107043042
Low,FAB CE,I,2027,66414.39479779077
Low,FAB CE,O,2027,2067158.5629823268
Low,FAB CE,T,2027,2918244.36848442
Base,FABEC,AD,2027,3609444.6323527754
Base,FABEC,I,2027,976348.1878917583
Base,FABEC,O,2027,1970600.4351231959
Base,FABEC,T,2027,6556393.25536773
High,FABEC,AD,2027,3714481.609275403
High,FABEC,I,2027,1003075.9117509577
High,FABEC,O,2027,2031042.4115659771
High,FABEC,T,2027,6748599.93259234
Low,FABEC,AD,2027,3487575.1595556103
Low,FABEC,I,2027,946699.8886302165
Low,FABEC,O,2027,1906070.0424365352
Low,FABEC,T,2027,6340345.09062237
Base,Finland,AD,2027,157712.18588897746
Base,Finland,I,2027,36466.4660508036
Base,Finland,O,2027,63902.27405116465
Base,Finland,T,2027,258080.925990946
High,Finland,AD,2027,163693.61131635608
High,Finland,I,2027,38016.8961337765
High,Finland,O,2027,66153.02988047415
High,Finland,T,2027,267863.537330607
Low,Finland,AD,2027,151851.961778543
Low,Finland,I,2027,34988.4746208616
Low,Finland,O,2027,61764.59204051479
Low,Finland,T,2027,248605.028439919
Base,France,AD,2027,1267186.4053219028
Base,France,I,2027,329932.002187311
Base,France,O,2027,2193912.84024111
Base,France,T,2027,3791031.24775032
High,France,AD,2027,1310142.6241043068
High,France,I,2027,338946.387014603
High,France,O,2027,2262797.731752719
High,France,T,2027,3911886.74287163
Low,France,AD,2027,1222991.6417985787
Low,France,I,2027,320657.557395645
Low,France,O,2027,2120867.3370897537
Low,France,T,2027,3664516.53628398
Base,Georgia,AD,2027,83546.36678259124
Base,Georgia,I,2027,421.241012513811
Base,Georgia,O,2027,252909.6864299158
Base,Georgia,T,2027,336877.294225021
High,Georgia,AD,2027,86539.10934737315
High,Georgia,I,2027,451.587715876442
High,Georgia,O,2027,258747.1867528132
High,Georgia,T,2027,345737.883816063
Low,Georgia,AD,2027,80522.19918055843
Low,Georgia,I,2027,385.802094322005
Low,Georgia,O,2027,246787.29902024174
Low,Georgia,T,2027,327695.300295122
Base,Germany,AD,2027,1630795.6610045242
Base,Germany,I,2027,226989.792850777
Base,Germany,O,2027,1420321.99000759
Base,Germany,T,2027,3278107.44386289
High,Germany,AD,2027,1679958.526133231
High,Germany,I,2027,233012.325443753
High,Germany,O,2027,1459572.684224765
High,Germany,T,2027,3372543.53580175
Low,Germany,AD,2027,1580450.7921799594
Low,Germany,I,2027,221390.661724575
Low,Germany,O,2027,1371042.5365942803
Low,Germany,T,2027,3172883.99049882
Base,Greece,AD,2027,460466.7466801373
Base,Greece,I,2027,141970.434160844
Base,Greece,O,2027,632589.261284165
Base,Greece,T,2027,1235026.44212515
High,Greece,AD,2027,476174.31511215895
High,Greece,I,2027,145052.116869723
High,Greece,O,2027,651240.6216140247
High,Greece,T,2027,1272467.05359591
Low,Greece,AD,2027,444414.1415703712
Low,Greece,I,2027,138871.672996482
Low,Greece,O,2027,613303.3922373467
Low,Greece,T,2027,1196589.2068042
Base,Hungary,AD,2027,160702.14135787118
Base,Hungary,I,2027,1483.8569386264
Base,Hungary,O,2027,1147957.4374920332
Base,Hungary,T,2027,1310143.43578853
High,Hungary,AD,2027,166642.60931449328
High,Hungary,I,2027,1517.0556455698
High,Hungary,O,2027,1178530.4539634788
High,Hungary,T,2027,1346690.11892354
Low,Hungary,AD,2027,154851.0669114191
Low,Hungary,I,2027,1450.88634348122
Low,Hungary,O,2027,1114091.6357105232
Low,Hungary,T,2027,1270393.58896542
Base,Iceland,AD,2027,66460.8645597326
Base,Iceland,I,2027,12700.9638687266
Base,Iceland,O,2027,106475.6683639324
Base,Iceland,T,2027,185637.496792392
High,Iceland,AD,2027,69719.98349616468
High,Iceland,I,2027,13376.3746269187
High,Iceland,O,2027,109150.03931480198
High,Iceland,T,2027,192246.397437885
Low,Iceland,AD,2027,63083.015584445224
Low,Iceland,I,2027,11996.6699282374
Low,Iceland,O,2027,103573.83154602196
Low,Iceland,T,2027,178653.517058705
Base,Ireland,AD,2027,337656.39574007725
Base,Ireland,I,2027,6603.15718197678
Base,Ireland,O,2027,401519.1095472587
Base,Ireland,T,2027,745778.662469313
High,Ireland,AD,2027,347613.1586756566
High,Ireland,I,2027,6811.04553552216
High,Ireland,O,2027,411222.00922151876
High,Ireland,T,2027,765646.213432698
Low,Ireland,AD,2027,305686.57335173344
Low,Ireland,I,2027,5909.21248287725
Low,Ireland,O,2027,391720.2553775361
Low,Ireland,T,2027,703316.041212147
Base,Israel,AD,2027,146203.90395663262
Base,Israel,I,2027,11938.6750619266
Base,Israel,O,2027,26150.130427998964
Base,Israel,T,2027,184292.709446558
High,Israel,AD,2027,151363.02063506437
High,Israel,I,2027,12191.1303335274
High,Israel,O,2027,26862.801626612767
High,Israel,T,2027,190416.952595205
Low,Israel,AD,2027,141026.21457526844
Low,Israel,I,2027,11693.2684552891
Low,Israel,O,2027,25454.09371842773
Low,Israel,T,2027,178173.576748985
Base,Italy,AD,2027,1245766.385754117
Base,Italy,I,2027,309578.569082367
Base,Italy,O,2027,936140.0622880536
Base,Italy,T,2027,2491485.01712454
High,Italy,AD,2027,1288259.0578626818
High,Italy,I,2027,318746.66061138
High,Italy,O,2027,966642.9609894474
High,Italy,T,2027,2573648.67946351
Low,Italy,AD,2027,1200888.624079893
Low,Italy,I,2027,298296.596074091
Low,Italy,O,2027,905220.049996011
Low,Italy,T,2027,2404405.27014999
Base,Latvia,AD,2027,67235.89622046376
Base,Latvia,I,2027,885.297240145043
Base,Latvia,O,2027,188153.58887804346
Base,Latvia,T,2027,256274.782338652
High,Latvia,AD,2027,70111.03458152553
High,Latvia,I,2027,907.76108690723
High,Latvia,O,2027,194217.79794326125
High,Latvia,T,2027,265236.593611694
Low,Latvia,AD,2027,64172.70358298844
Low,Latvia,I,2027,864.196405645272
Low,Latvia,O,2027,181829.50900906784
Low,Latvia,T,2027,246866.408997702
Base,Lithuania,AD,2027,63165.42129993525
Base,Lithuania,I,2027,2422.32068558748
Base,Lithuania,O,2027,173797.31220813145
Base,Lithuania,T,2027,239385.054193654
High,Lithuania,AD,2027,65587.615764962
High,Lithuania,I,2027,2459.4532264118898
High,Lithuania,O,2027,179923.3206613359
High,Lithuania,T,2027,247970.38965271
Low,Lithuania,AD,2027,60456.65147150406
Low,Lithuania,I,2027,2383.58903094048
Low,Lithuania,O,2027,167643.25078116774
Low,Lithuania,T,2027,230483.491283612
Base,Malta,AD,2027,80047.77410514529
Base,Malta,I,2027,666.239525085204
Base,Malta,O,2027,101952.46443617562
Base,Malta,T,2027,182666.478066406
High,Malta,AD,2027,83113.25526418207
High,Malta,I,2027,688.152266507844
High,Malta,O,2027,105123.18138208917
High,Malta,T,2027,188924.588912779
Low,Malta,AD,2027,76461.1927766809
Low,Malta,I,2027,645.540780295512
Low,Malta,O,2027,98613.21633901408
Low,Malta,T,2027,175719.94989599
Base,Moldova,AD,2027,56433.66400024432
Base,Moldova,I,2027,21.0451659264879
Base,Moldova,O,2027,74.99944629831039
Base,Moldova,T,2027,56529.7086124692
High,Moldova,AD,2027,58251.24789241966
High,Moldova,I,2027,23.2545068634633
High,Moldova,O,2027,77.28765219868275
High,Moldova,T,2027,58351.7900514818
Low,Moldova,AD,2027,54373.60733701353
Low,Moldova,I,2027,19.314857798742
Low,Moldova,O,2027,72.3789425101974
Low,Moldova,T,2027,54465.3011373225
Base,Morocco,AD,2027,254228.40905074013
Base,Morocco,I,2027,35022.4496846862
Base,Morocco,O,2027,338888.03018558904
Base,Morocco,T,2027,628138.888921015
High,Morocco,AD,2027,262122.54353088804
High,Morocco,I,2027,36133.2804395096
High,Morocco,O,2027,349995.78926289966
High,Morocco,T,2027,648251.613233297
Low,Morocco,AD,2027,245603.30744001942
Low,Morocco,I,2027,33851.7985601359
Low,Morocco,O,2027,327095.49820472905
Low,Morocco,T,2027,606550.604204885
Base,NEFAB,AD,2027,426471.49447784084
Base,NEFAB,I,2027,342270.28777534654
Base,NEFAB,O,2027,210214.84384061812
Base,NEFAB,T,2027,978956.626093805
High,NEFAB,AD,2027,443154.9000643593
High,NEFAB,I,2027,350649.0148305369
High,NEFAB,O,2027,216504.274289751
High,NEFAB,T,2027,1010308.18918465
Low,NEFAB,AD,2027,409564.5104704257
Low,NEFAB,I,2027,334235.7732538646
Low,NEFAB,O,2027,203609.35541998674
Low,NEFAB,T,2027,947409.639144277
Base,Netherlands,AD,2027,580993.7480180125
Base,Netherlands,I,2027,13607.088121386663
Base,Netherlands,O,2027,676949.3903955121
Base,Netherlands,T,2027,1271550.22653491
High,Netherlands,AD,2027,593833.9587448299
High,Netherlands,I,2027,13940.012228367377
High,Netherlands,O,2027,695848.6460689756
High,Netherlands,T,2027,1303622.61704217
Low,Netherlands,AD,2027,547741.9419161602
Low,Netherlands,I,2027,13231.475676131371
Low,Netherlands,O,2027,655231.4283432536
Low,Netherlands,T,2027,1216204.84593555
Base,North Macedonia,AD,2027,28929.891925644166
Base,North Macedonia,I,2027,13.4300893824292
Base,North Macedonia,O,2027,305401.2118067568
Base,North Macedonia,T,2027,334344.533821783
High,North Macedonia,AD,2027,30074.250517974506
High,North Macedonia,I,2027,16.615758608774
High,North Macedonia,O,2027,314591.64608400036
High,North Macedonia,T,2027,344682.512360584
Low,North Macedonia,AD,2027,27526.84922556116
Low,North Macedonia,I,2027,11.1645958735419
Low,North Macedonia,O,2027,295949.46555044275
Low,North Macedonia,T,2027,323487.479371878
Base,Norway-Continental,AD,2027,221967.7291742053
Base,Norway-Continental,I,2027,268587.905536472
Base,Norway-Continental,O,2027,86408.60211721428
Base,Norway-Continental,T,2027,576964.236827892
High,Norway-Continental,AD,2027,230826.92633828643
High,Norway-Continental,I,2027,273750.81911173
High,Norway-Continental,O,2027,89202.60826398402
High,Norway-Continental,T,2027,593780.353714
Low,Norway-Continental,AD,2027,213384.47088605136
Low,Norway-Continental,I,2027,263554.801156523
Low,Norway-Continental,O,2027,83332.82918259817
Low,Norway-Continental,T,2027,560272.101225173
Base,Poland,AD,2027,506479.4991312453
Base,Poland,I,2027,42836.2955266299
Base,Poland,O,2027,327910.7201132543
Base,Poland,T,2027,877226.514771129
High,Poland,AD,2027,516568.3690119177
High,Poland,I,2027,42985.5794779635
High,Poland,O,2027,340231.7528333582
High,Poland,T,2027,899785.701323239
Low,Poland,AD,2027,495319.71428729256
Low,Poland,I,2027,42762.8685782659
Low,Poland,O,2027,315664.8046436806
Low,Poland,T,2027,853747.387509239
Base,Portugal,AD,2027,424473.4274605527
Base,Portugal,I,2027,67394.5125406202
Base,Portugal,O,2027,414618.9108886747
Base,Portugal,T,2027,906486.850889848
High,Portugal,AD,2027,439073.6505668302
High,Portugal,I,2027,69505.314655656
High,Portugal,O,2027,427365.7079406324
High,Portugal,T,2027,935944.673163118
Low,Portugal,AD,2027,410025.52018771204
Low,Portugal,I,2027,65351.932887672
Low,Portugal,O,2027,401274.4920534161
Low,Portugal,T,2027,876651.945128799
Base,Portugal-Continental,AD,2027,431674.80618940905
Base,Portugal-Continental,I,2027,33846.9390428061
Base,Portugal-Continental,O,2027,345405.4418407149
Base,Portugal-Continental,T,2027,810927.18707293
High,Portugal-Continental,AD,2027,446524.55673057557
High,Portugal-Continental,I,2027,34673.9163684933
High,Portugal-Continental,O,2027,356441.16233372694
High,Portugal-Continental,T,2027,837639.635432796
Low,Portugal-Continental,AD,2027,416981.2553860462
Low,Portugal-Continental,I,2027,33042.1976612875
Low,Portugal-Continental,O,2027,333945.0067880558
Low,Portugal-Continental,T,2027,783968.459835389
Base,Portugal-SantaMaria,AD,2027,21546.791778013583
Base,Portugal-SantaMaria,I,2027,19173.4882443791
Base,Portugal-SantaMaria,O,2027,174769.36341611174
Base,Portugal-SantaMaria,T,2027,215489.643438504
High,Portugal-SantaMaria,AD,2027,22558.188179814228
High,Portugal-SantaMaria,I,2027,19826.8511153829
High,Portugal-SantaMaria,O,2027,179827.1772692307
High,Portugal-SantaMaria,T,2027,222212.216564428
Low,Portugal-SantaMaria,AD,2027,20524.80730001812
Low,Portugal-SantaMaria,I,2027,18569.4639772084
Low,Portugal-SantaMaria,O,2027,169971.42825634585
Low,Portugal-SantaMaria,T,2027,209065.699533572
Base,Romania,AD,2027,207389.83274276258
Base,Romania,I,2027,25627.7699655858
Base,Romania,O,2027,744252.410324289
Base,Romania,T,2027,977270.013032637
High,Romania,AD,2027,214153.72274998008
High,Romania,I,2027,26238.5186851454
High,Romania,O,2027,762442.4011390263
High,Romania,T,2027,1002834.64257415
Low,Romania,AD,2027,200321.22118402677
Low,Romania,I,2027,25028.4361834759
Low,Romania,O,2027,724109.207223869
Low,Romania,T,2027,949458.864591371
Base,SES-RP2,AD,2027,2805782.8846810614
Base,SES-RP2,I,2027,7562755.579412547
Base,SES-RP2,O,2027,465905.4792235465
Base,SES-RP2,T,2027,10834443.9433172
High,SES-RP2,AD,2027,2885348.362719366
High,SES-RP2,I,2027,7789115.362159458
High,SES-RP2,O,2027,481159.22805078985
High,SES-RP2,T,2027,11155622.9529296
Low,SES-RP2,AD,2027,2718308.614408152
Low,SES-RP2,I,2027,7308321.193831319
Low,SES-RP2,O,2027,451032.0204503541
Low,SES-RP2,T,2027,10477661.8286898
Base,SES-RP3,AD,2027,3800576.653940087
Base,SES-RP3,I,2027,5867777.256619984
Base,SES-RP3,O,2027,897987.6120532886
Base,SES-RP3,T,2027,10566341.5226134
High,SES-RP3,AD,2027,3912487.516944495
High,SES-RP3,I,2027,6046872.487536648
High,SES-RP3,O,2027,921220.7199307294
High,SES-RP3,T,2027,10880580.7244119
Low,SES-RP3,AD,2027,3671663.7449669833
Low,SES-RP3,I,2027,5669768.073037922
Low,SES-RP3,O,2027,875454.8041450193
Low,SES-RP3,T,2027,10216886.6221499
Base,Serbia/Montenegro,AD,2027,152312.07373044986
Base,Serbia/Montenegro,I,2027,9873.90116658659
Base,Serbia/Montenegro,O,2027,988688.2527348924
Base,Serbia/Montenegro,T,2027,1150874.22763193
High,Serbia/Montenegro,AD,2027,157489.58676630852
High,Serbia/Montenegro,I,2027,10268.4412495906
High,Serbia/Montenegro,O,2027,1018702.1247609468
High,Serbia/Montenegro,T,2027,1186460.15277685
Low,Serbia/Montenegro,AD,2027,146565.66254305135
Low,Serbia/Montenegro,I,2027,9482.61437910601
Low,Serbia/Montenegro,O,2027,957569.5677997575
Low,Serbia/Montenegro,T,2027,1113617.84472191
Base,Slovakia,AD,2027,36499.986748708165
Base,Slovakia,I,2027,2135.56736060653
Base,Slovakia,O,2027,607955.6595075821
Base,Slovakia,T,2027,646591.213616896
High,Slovakia,AD,2027,37959.73266365127
High,Slovakia,I,2027,2225.05845528646
High,Slovakia,O,2027,625825.4309928404
High,Slovakia,T,2027,666010.222111777
Low,Slovakia,AD,2027,34798.62127160283
Low,Slovakia,I,2027,2050.22071528775
Low,Slovakia,O,2027,588361.0494311139
Low,Slovakia,T,2027,625209.891418004
Base,Slovenia,AD,2027,26014.716419426615
Base,Slovenia,I,2027,1413.34167438449
Base,Slovenia,O,2027,620279.900194011
Base,Slovenia,T,2027,647707.958287822
High,Slovenia,AD,2027,27108.629517963585
High,Slovenia,I,2027,1438.40641800744
High,Slovenia,O,2027,638304.827564896
High,Slovenia,T,2027,666851.863500867
Low,Slovenia,AD,2027,24757.36754426424
Low,Slovenia,I,2027,1388.05209795771
Low,Slovenia,O,2027,600626.8363562481
Low,Slovenia,T,2027,626772.25599847
Base,South West FAB,AD,2027,1867802.1143972052
Base,South West FAB,I,2027,562382.553447841
Base,South West FAB,O,2027,301152.51017011463
Base,South West FAB,T,2027,2731337.17801516
High,South West FAB,AD,2027,1928609.4093475582
High,South West FAB,I,2027,576828.209743509
High,South West FAB,O,2027,309893.2959979262
High,South West FAB,T,2027,2815330.91508899
Low,South West FAB,AD,2027,1805804.351745108
Low,South West FAB,I,2027,548810.332896371
Low,South West FAB,O,2027,291605.15926895855
Low,South West FAB,T,2027,2646219.84391044
Base,Spain,AD,2027,1552614.585085041
Base,Spain,I,2027,476334.112095786
Base,Spain,O,2027,615310.9380940422
Base,Spain,T,2027,2644259.63527487
High,Spain,AD,2027,1601656.869318198
High,Spain,I,2027,488577.109056802
High,Spain,O,2027,635127.3719366107
High,Spain,T,2027,2725361.35031161
Low,Spain,AD,2027,1502746.3420252982
Low,Spain,I,2027,464612.03036476
Low,Spain,O,2027,594510.0147227406
Low,Spain,T,2027,2561868.3871128
Base,Spain-Canaries,AD,2027,285149.3316120099
Base,Spain-Canaries,I,2027,100337.61405843
Base,Spain-Canaries,O,2027,68081.78696365665
Base,Spain-Canaries,T,2027,453568.732634097
High,Spain-Canaries,AD,2027,295295.31097448914
High,Spain-Canaries,I,2027,103614.765935095
High,Spain-Canaries,O,2027,70101.32144427109
High,Spain-Canaries,T,2027,469011.398353855
Low,Spain-Canaries,AD,2027,274133.5123571391
Low,Spain-Canaries,I,2027,97186.7334069311
Low,Spain-Canaries,O,2027,66269.98455827967
Low,Spain-Canaries,T,2027,437590.23032235
Base,Spain-Continental,AD,2027,1435927.3603771136
Base,Spain-Continental,I,2027,285722.798539675
Base,Spain-Continental,O,2027,758886.2104354167
Base,Spain-Continental,T,2027,2480536.36935221
High,Spain-Continental,AD,2027,1479975.3485005049
High,Spain-Continental,I,2027,291946.102792808
High,Spain-Continental,O,2027,784432.5091061892
High,Spain-Continental,T,2027,2556353.9603995
Low,Spain-Continental,AD,2027,1391597.4013760244
Low,Spain-Continental,I,2027,280126.993081354
Low,Spain-Continental,O,2027,731465.2512612899
Low,Spain-Continental,T,2027,2403189.64571867
Base,Sweden,AD,2027,238377.26968733297
Base,Sweden,I,2027,80529.4103147571
Base,Sweden,O,2027,382495.8687807571
Base,Sweden,T,2027,701402.548782848
High,Sweden,AD,2027,247913.6963663854
High,Sweden,I,2027,84599.127556941
High,Sweden,O,2027,394670.65047426923
High,Sweden,T,2027,727183.474397595
Low,Sweden,AD,2027,228410.74102002292
Low,Sweden,I,2027,76747.7157789256
Low,Sweden,O,2027,369579.15794250084
Low,Sweden,T,2027,674737.61474145
Base,Switzerland,AD,2027,476672.16614196595
Base,Switzerland,I,2027,16406.0474316314
Base,Switzerland,O,2027,752415.3680958975
Base,Switzerland,T,2027,1245493.58166949
High,Switzerland,AD,2027,484997.72456176404
High,Switzerland,I,2027,16642.7749167616
High,Switzerland,O,2027,778571.2421789889
High,Switzerland,T,2027,1280211.74165752
Low,Switzerland,AD,2027,468129.88002644555
Low,Switzerland,I,2027,16189.4604470863
Low,Switzerland,O,2027,725460.7100400184
Low,Switzerland,T,2027,1209780.05051355
Base,Türkiye,AD,2027,981233.4580036926
Base,Türkiye,I,2027,361486.151364277
Base,Türkiye,O,2027,687752.1304981196
Base,Türkiye,T,2027,2030471.73986609
High,Türkiye,AD,2027,1010634.6192188859
High,Türkiye,I,2027,371838.607526959
High,Türkiye,O,2027,704851.255956385
High,Türkiye,T,2027,2087324.48270223
Low,Türkiye,AD,2027,952439.3495008423
Low,Türkiye,I,2027,352165.186583771
Low,Türkiye,O,2027,668976.8764800875
Low,Türkiye,T,2027,1973581.4125647
Base,UK-Continental,AD,2027,1837599.920145162
Base,UK-Continental,I,2027,270264.11145011
Base,UK-Continental,O,2027,526936.7998099887
Base,UK-Continental,T,2027,2634800.83140526
High,UK-Continental,AD,2027,1884715.0622668664
High,UK-Continental,I,2027,277523.070090632
High,UK-Continental,O,2027,542272.5214179632
High,UK-Continental,T,2027,2704510.65377546
Low,UK-Continental,AD,2027,1782435.9277805013
Low,UK-Continental,I,2027,262402.289427012
Low,UK-Continental,O,2027,498949.02090733225
Low,UK-Continental,T,2027,2543787.23811485
Base,UK-Ireland FAB,AD,2027,1927591.0789130407
Base,UK-Ireland FAB,I,2027,400700.400301325
Base,UK-Ireland FAB,O,2027,367022.6032156514
Base,UK-Ireland FAB,T,2027,2695314.08243002
High,UK-Ireland FAB,AD,2027,1979713.4258745138
High,UK-Ireland FAB,I,2027,410642.078723451
High,UK-Ireland FAB,O,2027,377228.9374254953
High,UK-Ireland FAB,T,2027,2767584.44202346
Low,UK-Ireland FAB,AD,2027,1861133.9258348208
Low,UK-Ireland FAB,I,2027,381806.250385707
Low,UK-Ireland FAB,O,2027,355265.1092798523
Low,UK-Ireland FAB,T,2027,2598205.28550038
Base,Ukraine,AD,2027,63.523451959535336
Base,Ukraine,O,2027,999.2444264890288
Base,Ukraine,T,2027,1062.76787844857
High,Ukraine,AD,2027,68.85865395416347
High,Ukraine,O,2027,1018.1701125443318
High,Ukraine,T,2027,1087.02876649849
Low,Ukraine,AD,2027,59.33799958900274
Low,Ukraine,O,2027,978.3188844351844
Low,Ukraine,T,2027,1037.65688402419
Base,NM Area,AD,2028,2289826.3922062987
Base,NM Area,I,2028,9600662.257502971
Base,NM Area,O,2028,165563.04410927332
Base,NM Area,T,2028,12056051.6938185
High,NM Area,AD,2028,2399627.7569593433
High,NM Area,I,2028,10151335.6743485
High,NM Area,O,2028,173128.07669793165
High,NM Area,T,2028,12724091.5080058
Low,NM Area,AD,2028,2183326.6012133025
Low,NM Area,I,2028,9061206.805208597
Low,NM Area,O,2028,158627.76434869622
Low,NM Area,T,2028,11403161.1707706
Base,Albania,AD,2028,93872.84997270291
Base,Albania,I,2028,25.3253993206077
Base,Albania,O,2028,379674.16977452853
Base,Albania,T,2028,473572.345146552
High,Albania,AD,2028,103416.16031108864
High,Albania,I,2028,26.2098763430892
High,Albania,O,2028,401180.6541285397
High,Albania,T,2028,504623.024315971
Low,Albania,AD,2028,85513.68883303723
Low,Albania,I,2028,24.4244021065024
Low,Albania,O,2028,359253.09756779013
Low,Albania,T,2028,444791.210802934
Base,Armenia,AD,2028,48397.0742033799
Base,Armenia,I,2028,26.6702580344963
Base,Armenia,O,2028,126336.86809504082
Base,Armenia,T,2028,174760.612556455
High,Armenia,AD,2028,51471.53477598215
High,Armenia,I,2028,28.1051561601401
High,Armenia,O,2028,131468.50182348953
High,Armenia,T,2028,182968.141755632
Low,Armenia,AD,2028,45327.61808061472
Low,Armenia,I,2028,25.1317404956525
Low,Armenia,O,2028,121071.9249773651
Low,Armenia,T,2028,166424.674798475
Base,Austria,AD,2028,330534.39660638594
Base,Austria,I,2028,10535.0163822074
Base,Austria,O,2028,1510619.3394383034
Base,Austria,T,2028,1851688.7524269
High,Austria,AD,2028,350024.27983012283
High,Austria,I,2028,11197.7938127798
High,Austria,O,2028,1590564.5747159906
High,Austria,T,2028,1951786.64835889
Low,Austria,AD,2028,312784.1780021978
Low,Austria,I,2028,9962.54837111854
Low,Austria,O,2028,1430396.8124636537
Low,Austria,T,2028,1753143.53883697
Base,Azerbaijan,AD,2028,84833.9968568831
Base,Azerbaijan,I,2028,9906.8622191083
Base,Azerbaijan,O,2028,307125.0989825334
Base,Azerbaijan,T,2028,401865.958058524
High,Azerbaijan,AD,2028,91076.55599719565
High,Azerbaijan,I,2028,10681.5129682909
High,Azerbaijan,O,2028,315833.5488947846
High,Azerbaijan,T,2028,417591.617860272
Low,Azerbaijan,AD,2028,78742.17715646027
Low,Azerbaijan,I,2028,9156.35622417774
Low,Azerbaijan,O,2028,297173.9450142702
Low,Azerbaijan,T,2028,385072.478394908
Base,BLUE MED FAB,AD,2028,1785960.4960138272
Base,BLUE MED FAB,I,2028,545510.858101744
Base,BLUE MED FAB,O,2028,1249859.479891057
Base,BLUE MED FAB,T,2028,3581330.83400663
High,BLUE MED FAB,AD,2028,1908456.6428285534
High,BLUE MED FAB,I,2028,580222.946002679
High,BLUE MED FAB,O,2028,1321253.6697742827
High,BLUE MED FAB,T,2028,3809933.25860552
Low,BLUE MED FAB,AD,2028,1672179.2042214905
Low,BLUE MED FAB,I,2028,512128.729313797
Low,BLUE MED FAB,O,2028,1179758.9221879852
Low,BLUE MED FAB,T,2028,3364066.85572327
Base,Baltic FAB,AD,2028,572329.8909870521
Base,Baltic FAB,I,2028,50261.0346272683
Base,Baltic FAB,O,2028,354867.7556044302
Base,Baltic FAB,T,2028,977458.68121875
High,Baltic FAB,AD,2028,598613.669831456
High,Baltic FAB,I,2028,50540.5043860679
High,Baltic FAB,O,2028,379122.1987557226
High,Baltic FAB,T,2028,1028276.37297325
Low,Baltic FAB,AD,2028,546756.1428627401
Low,Baltic FAB,I,2028,49924.236216409
Low,Baltic FAB,O,2028,332652.39583255275
Low,Baltic FAB,T,2028,929332.774911701
Base,Belgium/Luxembourg,AD,2028,422854.754696009
Base,Belgium/Luxembourg,I,2028,6067.19593936091
Base,Belgium/Luxembourg,O,2028,925320.7554739257
Base,Belgium/Luxembourg,T,2028,1354242.70610929
High,Belgium/Luxembourg,AD,2028,447342.63346771616
High,Belgium/Luxembourg,I,2028,6265.227502528
High,Belgium/Luxembourg,O,2028,971013.0075460272
High,Belgium/Luxembourg,T,2028,1424620.86851627
Low,Belgium/Luxembourg,AD,2028,400190.80449827237
Low,Belgium/Luxembourg,I,2028,5878.20636771456
Low,Belgium/Luxembourg,O,2028,877043.5236746168
Low,Belgium/Luxembourg,T,2028,1283112.5345406
Base,Bosnia and Herzegovina,AD,2028,30804.823080423295
Base,Bosnia and Herzegovina,I,2028,152.962431334039
Base,Bosnia and Herzegovina,O,2028,651005.8830652186
Base,Bosnia and Herzegovina,T,2028,681963.668576976
High,Bosnia and Herzegovina,AD,2028,33151.70808419663
High,Bosnia and Herzegovina,I,2028,175.583950496479
High,Bosnia and Herzegovina,O,2028,691173.5436329516
High,Bosnia and Herzegovina,T,2028,724500.835667645
Low,Bosnia and Herzegovina,AD,2028,28328.333584988697
Low,Bosnia and Herzegovina,I,2028,129.960266603852
Low,Bosnia and Herzegovina,O,2028,612911.287965449
Low,Bosnia and Herzegovina,T,2028,641369.581817042
Base,Bulgaria,AD,2028,99560.35226475955
Base,Bulgaria,I,2028,4202.95800896887
Base,Bulgaria,O,2028,1151704.9534351318
Base,Bulgaria,T,2028,1255468.26370886
High,Bulgaria,AD,2028,107590.95103135308
High,Bulgaria,I,2028,4507.97932916848
High,Bulgaria,O,2028,1209664.8164019703
High,Bulgaria,T,2028,1321763.74676249
Low,Bulgaria,AD,2028,93233.52943070873
Low,Bulgaria,I,2028,3949.76238149348
Low,Bulgaria,O,2028,1095653.3216900968
Low,Bulgaria,T,2028,1192836.6135023
Base,Croatia,AD,2028,138656.17512482347
Base,Croatia,I,2028,11374.4842879736
Base,Croatia,O,2028,1000479.7270002657
Base,Croatia,T,2028,1150510.38641306
High,Croatia,AD,2028,150072.74258859362
High,Croatia,I,2028,12275.4454712418
High,Croatia,O,2028,1060675.4061435913
High,Croatia,T,2028,1223023.59420343
Low,Croatia,AD,2028,128200.17812598399
Low,Croatia,I,2028,10569.3546502527
Low,Croatia,O,2028,942957.6649047494
Low,Croatia,T,2028,1081727.19768099
Base,Cyprus,AD,2028,117226.40346726592
Base,Cyprus,I,2028,1955.19234880873
Base,Cyprus,O,2028,390031.32283986115
Base,Cyprus,T,2028,509212.918655936
High,Cyprus,AD,2028,126672.13574990109
High,Cyprus,I,2028,1965.80654925805
High,Cyprus,O,2028,412675.4509978997
High,Cyprus,T,2028,541313.393297059
Low,Cyprus,AD,2028,108925.50890231458
Low,Cyprus,I,2028,1945.23488083433
Low,Cyprus,O,2028,368469.70667030785
Low,Cyprus,T,2028,479340.450453457
Base,Czech Republic,AD,2028,182903.20822175243
Base,Czech Republic,I,2028,6852.22643362951
Base,Czech Republic,O,2028,749328.8161203595
Base,Czech Republic,T,2028,939084.250775741
High,Czech Republic,AD,2028,196331.33759538553
High,Czech Republic,I,2028,7157.84906274664
High,Czech Republic,O,2028,786753.5804273664
High,Czech Republic,T,2028,990242.767085499
Low,Czech Republic,AD,2028,169760.72122795417
Low,Czech Republic,I,2028,6538.48808122943
Low,Czech Republic,O,2028,711067.6248382169
Low,Czech Republic,T,2028,887366.834147401
Base,DK-SE FAB,AD,2028,511234.9805853939
Base,DK-SE FAB,I,2028,133814.8442738108
Base,DK-SE FAB,O,2028,335498.7906675772
Base,DK-SE FAB,T,2028,980548.615526782
High,DK-SE FAB,AD,2028,542504.3827068454
High,DK-SE FAB,I,2028,143225.0209056513
High,DK-SE FAB,O,2028,356164.8964281194
High,DK-SE FAB,T,2028,1041894.30004062
Low,DK-SE FAB,AD,2028,481018.61881686386
Low,DK-SE FAB,I,2028,125572.6455727525
Low,DK-SE FAB,O,2028,316075.3799810316
Low,DK-SE FAB,T,2028,922666.644370648
Base,Danube FAB,AD,2028,311932.15183093183
Base,Danube FAB,I,2028,32027.3656547849
Base,Danube FAB,O,2028,1117768.0277215417
Base,Danube FAB,T,2028,1461727.54520726
High,Danube FAB,AD,2028,334060.2621682136
High,Danube FAB,I,2028,33772.3812291838
High,Danube FAB,O,2028,1173648.336408484
High,Danube FAB,T,2028,1541480.97980588
Low,Danube FAB,AD,2028,292463.0655739207
Low,Danube FAB,I,2028,30476.63405704
Low,Danube FAB,O,2028,1063284.5546276292
Low,Danube FAB,T,2028,1386224.25425859
Base,Denmark,AD,2028,310590.1025642586
Base,Denmark,I,2028,29264.5392120182
Base,Denmark,O,2028,295800.40443401795
Base,Denmark,T,2028,635655.046210295
High,Denmark,AD,2028,328227.25888371555
High,Denmark,I,2028,30410.8954095903
High,Denmark,O,2028,312252.21917302033
High,Denmark,T,2028,670890.373466325
Low,Denmark,AD,2028,293790.414595272
Low,Denmark,I,2028,28243.8940846862
Low,Denmark,O,2028,279216.70292743994
Low,Denmark,T,2028,601251.011607399
Base,ECAC,AD,2028,2585993.1478798096
Base,ECAC,I,2028,9135957.152805828
Base,ECAC,O,2028,247654.7831701911
Base,ECAC,T,2028,11969605.0838558
High,ECAC,AD,2028,2713574.831626328
High,ECAC,I,2028,9657721.850119462
High,ECAC,O,2028,260764.73237267515
High,ECAC,T,2028,12632061.4141185
Low,ECAC,AD,2028,2460724.2914750143
Low,ECAC,I,2028,8625543.706096517
Low,ECAC,O,2028,235888.85803266353
Low,ECAC,T,2028,11322156.8556042
Base,ESRA08,AD,2028,2740406.3042976023
Base,ESRA08,I,2028,8752744.540118901
Base,ESRA08,O,2028,221116.31706797524
Base,ESRA08,T,2028,11714267.1614845
High,ESRA08,AD,2028,2881404.0510665053
High,ESRA08,I,2028,9244139.019565936
High,ESRA08,O,2028,234817.55077101183
High,ESRA08,T,2028,12360360.6214034
Low,ESRA08,AD,2028,2602585.806521502
Low,ESRA08,I,2028,8270791.465161707
Low,ESRA08,O,2028,208740.39972221365
Low,ESRA08,T,2028,11082117.6714054
Base,EU27,AD,2028,4176497.9543564254
Base,EU27,I,2028,5225152.447666954
Base,EU27,O,2028,1137734.66572666
Base,EU27,T,2028,10539385.06775
High,EU27,AD,2028,4409081.81267739
High,EU27,I,2028,5529291.448272364
High,EU27,O,2028,1188066.2747138226
High,EU27,T,2028,11126439.5356636
Low,EU27,AD,2028,3947939.5366802844
Low,EU27,I,2028,4921304.986227727
Low,EU27,O,2028,1091834.7884991104
Low,EU27,T,2028,9961079.31140712
Base,Estonia,AD,2028,42760.482524147505
Base,Estonia,I,2028,3302.15090970242
Base,Estonia,O,2028,147659.6485057716
Base,Estonia,T,2028,193722.281939622
High,Estonia,AD,2028,46298.77170760737
High,Estonia,I,2028,3463.20053512034
High,Estonia,O,2028,156304.57046179863
High,Estonia,T,2028,206066.542704526
Low,Estonia,AD,2028,39496.35582495399
Low,Estonia,I,2028,3048.32191853607
Low,Estonia,O,2028,139606.54084345192
Low,Estonia,T,2028,182151.218586942
Base,FAB CE,AD,2028,842633.1858137812
Base,FAB CE,I,2028,70951.08834127459
Base,FAB CE,O,2028,2188579.993109193
Base,FAB CE,T,2028,3102164.26726425
High,FAB CE,AD,2028,896989.9374042716
High,FAB CE,I,2028,75423.28095026054
High,FAB CE,O,2028,2306724.728171471
High,FAB CE,T,2028,3279137.94652601
Low,FAB CE,AD,2028,787038.2673351372
Low,FAB CE,I,2028,66614.1533542376
Low,FAB CE,O,2028,2074585.9628682996
Low,FAB CE,T,2028,2928238.38355767
Base,FABEC,AD,2028,3684089.0112429867
Base,FABEC,I,2028,979322.7180171423
Base,FABEC,O,2028,2023382.197574838
Base,FABEC,T,2028,6686793.92683497
High,FABEC,AD,2028,3875055.6183292917
High,FABEC,I,2028,1018718.5607370477
High,FABEC,O,2028,2145737.4408852803
High,FABEC,T,2028,7039511.61995161
Low,FABEC,AD,2028,3485875.0946530127
Low,FABEC,I,2028,937970.8033183925
Low,FABEC,O,2028,1908341.749684268
Low,FABEC,T,2028,6332187.64765567
Base,Finland,AD,2028,160500.03679284238
Base,Finland,I,2028,36850.0282289134
Base,Finland,O,2028,66036.56742951184
Base,Finland,T,2028,263386.632451268
High,Finland,AD,2028,171876.41785837006
High,Finland,I,2028,39665.7251699826
High,Finland,O,2028,70776.03899631166
High,Finland,T,2028,282318.182024664
Low,Finland,AD,2028,150467.1066503914
Low,Finland,I,2028,34374.1410456745
Low,Finland,O,2028,62006.12183150918
Low,Finland,T,2028,246847.369527575
Base,France,AD,2028,1291315.1376661619
Base,France,I,2028,330941.177827729
Base,France,O,2028,2254215.7958254237
Base,France,T,2028,3876472.11131931
High,France,AD,2028,1368052.6848017417
High,France,I,2028,345130.663804369
High,France,O,2028,2390733.327415593
High,France,T,2028,4103916.6760217
Low,France,AD,2028,1218763.0456507052
Low,France,I,2028,317066.002543836
Low,France,O,2028,2122093.638420208
Low,France,T,2028,3657922.68661475
Base,Georgia,AD,2028,88946.09163849185
Base,Georgia,I,2028,469.90053802429
Base,Georgia,O,2028,261716.51723218747
Base,Georgia,T,2028,351132.509408704
High,Georgia,AD,2028,95212.62222885691
High,Georgia,I,2028,531.574594701482
High,Georgia,O,2028,272603.5426161757
High,Georgia,T,2028,368347.739439734
Low,Georgia,AD,2028,83135.18309823184
Low,Georgia,I,2028,410.061740164488
Low,Georgia,O,2028,250567.99663897444
Low,Georgia,T,2028,334113.241477371
Base,Germany,AD,2028,1663523.496172028
Base,Germany,I,2028,227556.007090935
Base,Germany,O,2028,1450836.0082933551
Base,Germany,T,2028,3341915.51155632
High,Germany,AD,2028,1754049.074327355
High,Germany,I,2028,237084.405774273
High,Germany,O,2028,1521304.398831821
High,Germany,T,2028,3512437.87893345
Low,Germany,AD,2028,1577066.61391429
Low,Germany,I,2028,219008.181988605
Low,Germany,O,2028,1374171.4573250355
Low,Germany,T,2028,3170246.25322793
Base,Greece,AD,2028,475888.6575437673
Base,Greece,I,2028,143187.069673773
Base,Greece,O,2028,655842.0166967688
Base,Greece,T,2028,1274917.74391431
High,Greece,AD,2028,508391.17278688325
High,Greece,I,2028,149474.09583493
High,Greece,O,2028,691309.3145623269
High,Greece,T,2028,1349174.58318414
Low,Greece,AD,2028,445934.80578045466
Low,Greece,I,2028,137164.414499144
Low,Greece,O,2028,621468.7721857545
Low,Greece,T,2028,1204567.99246535
Base,Hungary,AD,2028,168882.42554715526
Base,Hungary,I,2028,1508.62361777948
Base,Hungary,O,2028,1181469.682705151
Base,Hungary,T,2028,1351860.73187009
High,Hungary,AD,2028,176705.4707111026
High,Hungary,I,2028,1539.84682753479
High,Hungary,O,2028,1243487.2276232033
High,Hungary,T,2028,1421732.54516184
Low,Hungary,AD,2028,156901.66443774235
Low,Hungary,I,2028,1460.9998545622
Low,Hungary,O,2028,1121503.971279235
Low,Hungary,T,2028,1279866.63557154
Base,Iceland,AD,2028,69189.44547968794
Base,Iceland,I,2028,12900.9533947844
Base,Iceland,O,2028,109776.69741200269
Base,Iceland,T,2028,191867.096286475
High,Iceland,AD,2028,75700.92733072319
High,Iceland,I,2028,13948.4379052017
High,Iceland,O,2028,114986.6968898003
High,Iceland,T,2028,204636.062125725
Low,Iceland,AD,2028,63327.198852787915
Low,Iceland,I,2028,11836.2438592746
Low,Iceland,O,2028,105056.54395652417
Low,Iceland,T,2028,180219.986668587
Base,Ireland,AD,2028,344312.9820413885
Base,Ireland,I,2028,6779.59289114733
Base,Ireland,O,2028,411177.9552608111
Base,Ireland,T,2028,762270.530193347
High,Ireland,AD,2028,363632.88247608586
High,Ireland,I,2028,7117.87671591417
High,Ireland,O,2028,430317.9341630703
High,Ireland,T,2028,801068.693355071
Low,Ireland,AD,2028,313732.5990857765
Low,Ireland,I,2028,6151.33405376113
Low,Ireland,O,2028,394312.8060324059
Low,Ireland,T,2028,714196.739171943
Base,Israel,AD,2028,163915.40665128108
Base,Israel,I,2028,13084.8753126806
Base,Israel,O,2028,26679.254154535218
Base,Israel,T,2028,203679.536118497
High,Israel,AD,2028,175701.329539476
High,Israel,I,2028,13823.003163208
High,Israel,O,2028,27691.18045446201
High,Israel,T,2028,217215.513157146
Low,Israel,AD,2028,152714.85734190128
Low,Israel,I,2028,12409.4222753789
Low,Israel,O,2028,25689.149081547937
Low,Israel,T,2028,190813.428698828
Base,Italy,AD,2028,1280699.253565023
Base,Italy,I,2028,313960.791495823
Base,Italy,O,2028,964677.6959259883
Base,Italy,T,2028,2559337.74098683
High,Italy,AD,2028,1368584.9172433503
High,Italy,I,2028,335454.604833931
High,Italy,O,2028,1021719.4791653323
High,Italy,T,2028,2725759.00124261
Low,Italy,AD,2028,1198668.4362861363
Low,Italy,I,2028,293053.035296673
Low,Italy,O,2028,909079.4518039771
Low,Italy,T,2028,2400800.92338679
Base,Latvia,AD,2028,69365.30900984512
Base,Latvia,I,2028,886.903985716612
Base,Latvia,O,2028,193726.2666235095
Base,Latvia,T,2028,263978.479619071
High,Latvia,AD,2028,75307.27725078259
High,Latvia,I,2028,911.463031780218
High,Latvia,O,2028,205382.10713676063
High,Latvia,T,2028,281600.847419323
Low,Latvia,AD,2028,63926.409279830696
Low,Latvia,I,2028,863.914727653044
Low,Latvia,O,2028,182646.8528014768
Low,Latvia,T,2028,247437.17680896
Base,Lithuania,AD,2028,65008.92985266778
Base,Lithuania,I,2028,2438.71099811701
Base,Lithuania,O,2028,179322.83009301283
Base,Lithuania,T,2028,246770.470943798
High,Lithuania,AD,2028,69835.71152120689
High,Lithuania,I,2028,2488.84141362907
High,Lithuania,O,2028,191376.20907940975
High,Lithuania,T,2028,263700.762014246
Low,Lithuania,AD,2028,60459.12895360934
Low,Lithuania,I,2028,2389.74335618336
Low,Lithuania,O,2028,168154.04858361318
Low,Lithuania,T,2028,231002.920893406
Base,Malta,AD,2028,83313.96990651068
Base,Malta,I,2028,681.77323258799
Base,Malta,O,2028,105619.5203552098
Base,Malta,T,2028,189615.263494309
High,Malta,AD,2028,89757.31592473919
High,Malta,I,2028,708.211100844648
High,Malta,O,2028,111422.23788243464
High,Malta,T,2028,201887.764908018
Low,Malta,AD,2028,76993.001821995
Low,Malta,I,2028,656.567393682128
Low,Malta,O,2028,99996.20886531883
Low,Malta,T,2028,177645.778080996
Base,Moldova,AD,2028,59207.866747133296
Base,Moldova,I,2028,21.2637339690688
Base,Moldova,O,2028,76.81527067710775
Base,Moldova,T,2028,59305.9457517795
High,Moldova,AD,2028,63550.05941800421
High,Moldova,I,2028,23.6238087980482
High,Moldova,O,2028,80.47309238018781
High,Moldova,T,2028,63654.1563191824
Low,Moldova,AD,2028,55233.12363015548
Low,Moldova,I,2028,19.3624791082204
Low,Moldova,O,2028,73.02362932090838
Low,Moldova,T,2028,55325.5097385847
Base,Morocco,AD,2028,262678.0742320443
Base,Morocco,I,2028,36633.301437206
Base,Morocco,O,2028,347503.64117465937
Base,Morocco,T,2028,646815.016843909
High,Morocco,AD,2028,278728.99230233865
High,Morocco,I,2028,38969.0882435059
High,Morocco,O,2028,372459.93612238154
High,Morocco,T,2028,690158.016668227
Low,Morocco,AD,2028,246094.00678900295
Low,Morocco,I,2028,34257.9543919366
Low,Morocco,O,2028,325196.2474416395
Low,Morocco,T,2028,605548.208622579
Base,NEFAB,AD,2028,434958.117414949
Base,NEFAB,I,2028,345596.1139211406
Base,NEFAB,O,2028,217697.36910738258
Base,NEFAB,T,2028,998251.600443472
High,NEFAB,AD,2028,465594.6125348238
High,NEFAB,I,2028,362950.65072052093
High,NEFAB,O,2028,230104.40389693613
High,NEFAB,T,2028,1058649.66715228
Low,NEFAB,AD,2028,406996.6965911412
Low,NEFAB,I,2028,330157.626401821
Low,NEFAB,O,2028,206053.99434198873
Low,NEFAB,T,2028,943208.317334951
Base,Netherlands,AD,2028,585903.3790041696
Base,Netherlands,I,2028,13510.795893354465
Base,Netherlands,O,2028,690216.8633524115
Base,Netherlands,T,2028,1289631.03824994
High,Netherlands,AD,2028,601024.4321835398
High,Netherlands,I,2028,14048.611430925377
High,Netherlands,O,2028,725055.8417368049
High,Netherlands,T,2028,1340128.88535127
Low,Netherlands,AD,2028,547728.9704459361
Low,Netherlands,I,2028,12949.792684357672
Low,Netherlands,O,2028,656617.4612770263
Low,Netherlands,T,2028,1217296.22440732
Base,North Macedonia,AD,2028,30337.3566676936
Base,North Macedonia,I,2028,13.5076948459298
Base,North Macedonia,O,2028,315224.4585297549
Base,North Macedonia,T,2028,345575.322892294
High,North Macedonia,AD,2028,33012.37928389476
High,North Macedonia,I,2028,17.3605793253174
High,North Macedonia,O,2028,333628.3623500044
High,North Macedonia,T,2028,366658.102213224
Low,North Macedonia,AD,2028,27674.105307651913
Low,North Macedonia,I,2028,10.5895190748919
Low,North Macedonia,O,2028,297811.38941660355
Low,North Macedonia,T,2028,325496.084243331
Base,Norway-Continental,AD,2028,225868.54249212536
Base,Norway-Continental,I,2028,270688.203724415
Base,Norway-Continental,O,2028,89353.46343317673
Base,Norway-Continental,T,2028,585910.209649717
High,Norway-Continental,AD,2028,241661.88159268087
High,Norway-Continental,I,2028,281913.401408546
High,Norway-Continental,O,2028,94855.67660356457
High,Norway-Continental,T,2028,618430.959604791
Low,Norway-Continental,AD,2028,211729.54844353147
Low,Norway-Continental,I,2028,260575.42316083
Low,Norway-Continental,O,2028,84353.73852988446
Low,Norway-Continental,T,2028,556658.710134246
Base,Poland,AD,2028,517416.03723961255
Base,Poland,I,2028,42774.7855765368
Base,Poland,O,2028,338811.456114323
Base,Poland,T,2028,899002.278930472
High,Poland,AD,2028,538890.2994174202
High,Poland,I,2028,42995.4924188537
High,Poland,O,2028,362345.4847508209
High,Poland,T,2028,944231.276587095
Low,Poland,AD,2028,496328.28613973735
Low,Poland,I,2028,42518.8567449226
Low,Poland,O,2028,317120.41250164714
Low,Poland,T,2028,855967.555386306
Base,Portugal,AD,2028,435857.6858082613
Base,Portugal,I,2028,68438.6207141704
Base,Portugal,O,2028,426933.12203394755
Base,Portugal,T,2028,931229.428556379
High,Portugal,AD,2028,468627.402482891
High,Portugal,I,2028,73416.7081241801
High,Portugal,O,2028,455629.45933375455
High,Portugal,T,2028,997673.569940826
Low,Portugal,AD,2028,407983.70340156514
Low,Portugal,I,2028,64201.0845353062
Low,Portugal,O,2028,401828.6096763113
Low,Portugal,T,2028,874013.397613183
Base,Portugal-Continental,AD,2028,443373.04920407076
Base,Portugal-Continental,I,2028,34378.5951933187
Base,Portugal-Continental,O,2028,355170.56036930374
Base,Portugal-Continental,T,2028,832922.204766694
High,Portugal-Continental,AD,2028,477094.7352022829
High,Portugal-Continental,I,2028,36251.9746171554
High,Portugal-Continental,O,2028,380257.98962826654
High,Portugal-Continental,T,2028,893604.699447705
Low,Portugal-Continental,AD,2028,414773.87970043556
Low,Portugal-Continental,I,2028,32733.439579589
Low,Portugal-Continental,O,2028,333310.5524299301
Low,Portugal-Continental,T,2028,780817.871709954
Base,Portugal-SantaMaria,AD,2028,22247.474908033848
Base,Portugal-SantaMaria,I,2028,19178.60636893
Base,Portugal-SantaMaria,O,2028,181172.23456082912
Base,Portugal-SantaMaria,T,2028,222598.315837793
High,Portugal-SantaMaria,AD,2028,24582.22007593269
High,Portugal-SantaMaria,I,2028,20639.9571093623
High,Portugal-SantaMaria,O,2028,192732.02234822142
High,Portugal-SantaMaria,T,2028,237954.199533516
Low,Portugal-SantaMaria,AD,2028,20284.601764929503
Low,Portugal-SantaMaria,I,2028,17930.2559238173
Low,Portugal-SantaMaria,O,2028,171934.41640004973
Low,Portugal-SantaMaria,T,2028,210149.274088796
Base,Romania,AD,2028,215279.91710937518
Base,Romania,I,2028,26370.3488742146
Base,Romania,O,2028,767374.8480871494
Base,Romania,T,2028,1009025.11407074
High,Romania,AD,2028,229598.17545111504
High,Romania,I,2028,27699.9697428885
High,Romania,O,2028,802644.7224433931
High,Romania,T,2028,1059942.8676374
Low,Romania,AD,2028,201941.39156734498
Low,Romania,I,2028,25170.94396348
Low,Romania,O,2028,732126.0445948832
Low,Romania,T,2028,959238.380125708
Base,SES-RP2,AD,2028,2895282.102552348
Base,SES-RP2,I,2028,7688798.163935386
Base,SES-RP2,O,2028,489498.65805822646
Base,SES-RP2,T,2028,11073578.924546
High,SES-RP2,AD,2028,3052281.4609913607
High,SES-RP2,I,2028,8109486.442669718
High,SES-RP2,O,2028,520765.819290606
High,SES-RP2,T,2028,11682533.7229517
Low,SES-RP2,AD,2028,2743385.0895031327
Low,SES-RP2,I,2028,7269459.384582431
Low,SES-RP2,O,2028,461517.5314932995
Low,SES-RP2,T,2028,10474362.0055789
Base,SES-RP3,AD,2028,3905740.810787061
Base,SES-RP3,I,2028,5973031.866347951
Base,SES-RP3,O,2028,927816.0692404143
Base,SES-RP3,T,2028,10806588.7463754
High,SES-RP3,AD,2028,4123207.7177801672
High,SES-RP3,I,2028,6308013.41447504
High,SES-RP3,O,2028,972936.57542169
High,SES-RP3,T,2028,11404157.7076769
Low,SES-RP3,AD,2028,3691498.7081002574
Low,SES-RP3,I,2028,5639888.653105988
Low,SES-RP3,O,2028,887085.1671846784
Low,SES-RP3,T,2028,10218472.5283909
Base,Serbia/Montenegro,AD,2028,158707.6421966693
Base,Serbia/Montenegro,I,2028,10351.768027065
Base,Serbia/Montenegro,O,2028,1018875.3282075506
Base,Serbia/Montenegro,T,2028,1187934.73843128
High,Serbia/Montenegro,AD,2028,170081.855219913
High,Serbia/Montenegro,I,2028,11222.7504618206
High,Serbia/Montenegro,O,2028,1079797.4412354075
High,Serbia/Montenegro,T,2028,1261102.04691714
Low,Serbia/Montenegro,AD,2028,147366.13438292095
Low,Serbia/Montenegro,I,2028,9552.86308775391
Low,Serbia/Montenegro,O,2028,961672.8432151681
Low,Serbia/Montenegro,T,2028,1118591.84068584
Base,Slovakia,AD,2028,37707.93596317207
Base,Slovakia,I,2028,2168.31707441663
Base,Slovakia,O,2028,628074.0855593544
Base,Slovakia,T,2028,667950.338596945
High,Slovakia,AD,2028,40406.41657349475
High,Slovakia,I,2028,2309.82573322877
High,Slovakia,O,2028,662748.5660784309
High,Slovakia,T,2028,705464.808385154
Low,Slovakia,AD,2028,35050.71336764344
Low,Slovakia,I,2028,2041.89602747989
Low,Slovakia,O,2028,593277.6462724702
Low,Slovakia,T,2028,630370.255667594
Base,Slovenia,AD,2028,26720.419393893928
Base,Slovenia,I,2028,1433.89215766626
Base,Slovenia,O,2028,637945.2842663255
Base,Slovenia,T,2028,666099.595817885
High,Slovenia,AD,2028,28578.549809433327
High,Slovenia,I,2028,1482.94024101496
High,Slovenia,O,2028,674523.9981124472
High,Slovenia,T,2028,704585.488162895
Low,Slovenia,AD,2028,24793.939296010234
Low,Slovenia,I,2028,1389.70715618704
Low,Slovenia,O,2028,602332.9464229682
Low,Slovenia,T,2028,628516.592875165
Base,South West FAB,AD,2028,1925864.3299095933
Base,South West FAB,I,2028,570409.60755615
Base,South West FAB,O,2028,310142.19954573957
Base,South West FAB,T,2028,2806416.13701148
High,South West FAB,AD,2028,2051434.9348748259
High,South West FAB,I,2028,596128.654492539
High,South West FAB,O,2028,327633.96410934796
High,South West FAB,T,2028,2975197.55347671
Low,South West FAB,AD,2028,1807882.126888423
Low,South West FAB,I,2028,543812.942241453
Low,South West FAB,O,2028,292545.4831155331
Low,South West FAB,T,2028,2644240.55224541
Base,Spain,AD,2028,1601579.522597924
Base,Spain,I,2028,482536.326708806
Base,Spain,O,2028,632640.9396157122
Base,Spain,T,2028,2716756.78892244
High,Spain,AD,2028,1700120.8203375444
High,Spain,I,2028,503372.028598656
High,Spain,O,2028,675070.5728096742
High,Spain,T,2028,2878563.42174588
Low,Spain,AD,2028,1506789.6966320476
Low,Spain,I,2028,459917.199818694
Low,Spain,O,2028,593580.5962442807
Low,Spain,T,2028,2560287.49269502
Base,Spain-Canaries,AD,2028,292295.3231406495
Base,Spain-Canaries,I,2028,99627.9543600626
Base,Spain-Canaries,O,2028,70506.21402262425
Base,Spain-Canaries,T,2028,462429.491523336
High,Spain-Canaries,AD,2028,314862.92980460764
High,Spain-Canaries,I,2028,106479.828074012
High,Spain-Canaries,O,2028,75103.11821981847
High,Spain-Canaries,T,2028,496445.876098438
Low,Spain-Canaries,AD,2028,271689.7499433317
Low,Spain-Canaries,I,2028,93181.8379450151
Low,Spain-Canaries,O,2028,66927.48791344359
Low,Spain-Canaries,T,2028,431799.07580179
Base,Spain-Continental,AD,2028,1481702.8292844286
Base,Spain-Continental,I,2028,290649.11087672
Base,Spain-Continental,O,2028,779404.7627264746
Base,Spain-Continental,T,2028,2551756.70288762
High,Spain-Continental,AD,2028,1569588.686365426
High,Spain-Continental,I,2028,298340.620984523
High,Spain-Continental,O,2028,834077.8339864999
High,Spain-Continental,T,2028,2702007.14133645
Low,Spain-Continental,AD,2028,1396265.2744213815
Low,Spain-Continental,I,2028,280473.774718742
Low,Spain-Continental,O,2028,728945.5036569864
Low,Spain-Continental,T,2028,2405684.55279711
Base,Sweden,AD,2028,243703.71703095007
Base,Sweden,I,2028,82403.5056692396
Base,Sweden,O,2028,390978.24510648847
Base,Sweden,T,2028,717085.467806677
High,Sweden,AD,2028,260317.7920939245
High,Sweden,I,2028,89146.1454729666
High,Sweden,O,2028,414427.82947211957
High,Sweden,T,2028,763891.767039012
Low,Sweden,AD,2028,227776.6652145279
Low,Sweden,I,2028,76464.8256566896
Low,Sweden,O,2028,369229.45434632787
Low,Sweden,T,2028,673470.945217546
Base,Switzerland,AD,2028,482625.23277784174
Base,Switzerland,I,2028,16480.3970955414
Base,Switzerland,O,2028,771373.5995286301
Base,Switzerland,T,2028,1270479.22940201
High,Switzerland,AD,2028,495578.8816920335
High,Switzerland,I,2028,16748.477513214
High,Switzerland,O,2028,819608.8790462706
High,Switzerland,T,2028,1331936.23825152
Low,Switzerland,AD,2028,468912.60547726287
Low,Switzerland,I,2028,16198.6152455058
Low,Switzerland,O,2028,724285.8930234147
Low,Switzerland,T,2028,1209397.11374618
Base,Türkiye,AD,2028,1015084.5325125714
Base,Türkiye,I,2028,378110.404783219
Base,Türkiye,O,2028,713666.1410028897
Base,Türkiye,T,2028,2106861.07829868
High,Türkiye,AD,2028,1076359.712962552
High,Türkiye,I,2028,401546.711794829
High,Türkiye,O,2028,743641.9831647511
High,Türkiye,T,2028,2221548.40792213
Low,Türkiye,AD,2028,960748.6104830217
Low,Türkiye,I,2028,357961.743034852
Low,Türkiye,O,2028,682314.7715482926
Low,Türkiye,T,2028,2001025.12506617
Base,UK-Continental,AD,2028,1867932.973916562
Base,UK-Continental,I,2028,268217.516483897
Base,UK-Continental,O,2028,540797.4411759161
Base,UK-Continental,T,2028,2676947.93157637
High,UK-Continental,AD,2028,1954389.3780771373
High,UK-Continental,I,2028,280038.427231938
High,UK-Continental,O,2028,570481.1556111927
High,UK-Continental,T,2028,2804908.96092027
Low,UK-Continental,AD,2028,1782275.3074207492
Low,UK-Continental,I,2028,256411.404851831
Low,UK-Continental,O,2028,505623.44525601476
Low,UK-Continental,T,2028,2544310.1575286
Base,UK-Ireland FAB,AD,2028,1961757.466782739
Base,UK-Ireland FAB,I,2028,400241.875305794
Base,UK-Ireland FAB,O,2028,377209.8744298944
Base,UK-Ireland FAB,T,2028,2739209.21651843
High,UK-Ireland FAB,AD,2028,2057949.6016475593
High,UK-Ireland FAB,I,2028,417193.219011939
High,UK-Ireland FAB,O,2028,397057.2741590712
High,UK-Ireland FAB,T,2028,2872200.09481857
Low,UK-Ireland FAB,AD,2028,1863354.467789278
Low,UK-Ireland FAB,I,2028,378889.915363648
Low,UK-Ireland FAB,O,2028,357882.4778866749
Low,UK-Ireland FAB,T,2028,2600126.8610396
Base,Ukraine,AD,2028,64.37824474325302
Base,Ukraine,O,2028,1022.8152976923035
Base,Ukraine,T,2028,1087.19354243556
High,Ukraine,AD,2028,69.86471341505415
High,Ukraine,O,2028,1057.6188010522421
High,Ukraine,T,2028,1127.4835144673
Low,Ukraine,AD,2028,59.9833328836086
Low,Ukraine,O,2028,987.8503618162035
Low,Ukraine,T,2028,1047.83369469981
Base,NM Area,AD,2029,2345481.6648697597
Base,NM Area,I,2029,9747254.949027937
Base,NM Area,O,2029,169629.05579244654
Base,NM Area,T,2029,12262365.6696901
High,NM Area,AD,2029,2499902.832579625
High,NM Area,I,2029,10496709.308179993
High,NM Area,O,2029,179882.33327503633
High,NM Area,T,2029,13176494.4740347
Low,NM Area,AD,2029,2199585.624097367
Low,NM Area,I,2029,9022878.803971143
Low,NM Area,O,2029,160712.3050365568
Low,NM Area,T,2029,11383176.7331051
Base,Albania,AD,2029,97700.49109021173
Base,Albania,I,2029,25.3089341578955
Base,Albania,O,2029,388083.0036858445
Base,Albania,T,2029,485808.803710214
High,Albania,AD,2029,111823.66325806224
High,Albania,I,2029,26.2301094459216
High,Albania,O,2029,418689.22318701015
High,Albania,T,2029,530539.116554519
Low,Albania,AD,2029,86077.28866930764
Low,Albania,I,2029,24.3696992679899
Low,Albania,O,2029,359817.3666148877
Low,Albania,T,2029,445919.024983464
Base,Armenia,AD,2029,49562.1612582603
Base,Armenia,I,2029,26.7363652102003
Base,Armenia,O,2029,129996.93782990461
Base,Armenia,T,2029,179585.835453375
High,Armenia,AD,2029,53925.926870861724
High,Armenia,I,2029,28.3730316181366
High,Armenia,O,2029,137312.16427737148
High,Armenia,T,2029,191266.464179851
Low,Armenia,AD,2029,45401.12550121115
Low,Armenia,I,2029,25.0070089576599
Low,Armenia,O,2029,122570.35512327764
Low,Armenia,T,2029,167996.487633447
Base,Austria,AD,2029,334306.4925991282
Base,Austria,I,2029,10524.1128369859
Base,Austria,O,2029,1539827.918399133
Base,Austria,T,2029,1884658.52383525
High,Austria,AD,2029,361295.00549033616
High,Austria,I,2029,11386.9476577055
High,Austria,O,2029,1650616.7817045825
High,Austria,T,2029,2023298.73485262
Low,Austria,AD,2029,310493.2186479727
Low,Austria,I,2029,9801.35064643369
Low,Austria,O,2029,1429874.2101070187
Low,Austria,T,2029,1750168.77940142
Base,Azerbaijan,AD,2029,88075.94241123246
Base,Azerbaijan,I,2029,10091.5526332256
Base,Azerbaijan,O,2029,314957.0300172801
Base,Azerbaijan,T,2029,413124.525061738
High,Azerbaijan,AD,2029,97027.62653335929
High,Azerbaijan,I,2029,11219.2525069238
High,Azerbaijan,O,2029,326952.2390046894
High,Azerbaijan,T,2029,435199.118044972
Low,Azerbaijan,AD,2029,79605.53985326168
Low,Azerbaijan,I,2029,9039.57872845983
Low,Azerbaijan,O,2029,300998.8800725323
Low,Azerbaijan,T,2029,389643.998654254
Base,BLUE MED FAB,AD,2029,1825118.909162079
Base,BLUE MED FAB,I,2029,552276.481310353
Base,BLUE MED FAB,O,2029,1284131.0195339106
Base,BLUE MED FAB,T,2029,3661526.41000634
High,BLUE MED FAB,AD,2029,1997667.603263824
High,BLUE MED FAB,I,2029,603166.73092318
High,BLUE MED FAB,O,2029,1380686.6308704838
High,BLUE MED FAB,T,2029,3981520.96505749
Low,BLUE MED FAB,AD,2029,1669723.1581612693
Low,BLUE MED FAB,I,2029,506250.010685013
Low,BLUE MED FAB,O,2029,1188262.1039306852
Low,BLUE MED FAB,T,2029,3364235.27277697
Base,Baltic FAB,AD,2029,582088.0769117043
Base,Baltic FAB,I,2029,50094.218797677
Base,Baltic FAB,O,2029,363292.6596555834
Base,Baltic FAB,T,2029,995474.955364965
High,Baltic FAB,AD,2029,619891.6108669754
High,Baltic FAB,I,2029,50516.7671051989
High,Baltic FAB,O,2029,396883.80462341086
High,Baltic FAB,T,2029,1067292.18259558
Low,Baltic FAB,AD,2029,546351.4561902756
Low,Baltic FAB,I,2029,49462.279217172
Low,Baltic FAB,O,2029,333251.93610628217
Low,Baltic FAB,T,2029,929065.67151373
Base,Belgium/Luxembourg,AD,2029,430559.1147247289
Base,Belgium/Luxembourg,I,2029,6074.53488375671
Base,Belgium/Luxembourg,O,2029,938643.4284872646
Base,Belgium/Luxembourg,T,2029,1375277.07809575
High,Belgium/Luxembourg,AD,2029,463948.19200797623
High,Belgium/Luxembourg,I,2029,6315.31752680271
High,Belgium/Luxembourg,O,2029,999103.3942628809
High,Belgium/Luxembourg,T,2029,1469366.90379766
Low,Belgium/Luxembourg,AD,2029,400305.9366368085
Low,Belgium/Luxembourg,I,2029,5850.22716056065
Low,Belgium/Luxembourg,O,2029,875186.4680121295
Low,Belgium/Luxembourg,T,2029,1281342.6318095
Base,Bosnia and Herzegovina,AD,2029,32050.65255761916
Base,Bosnia and Herzegovina,I,2029,152.758060307855
Base,Bosnia and Herzegovina,O,2029,666441.8270909396
Base,Bosnia and Herzegovina,T,2029,698645.237708867
High,Bosnia and Herzegovina,AD,2029,35514.608898261875
High,Bosnia and Herzegovina,I,2029,178.770118823543
High,Bosnia and Herzegovina,O,2029,723696.8303719475
High,Bosnia and Herzegovina,T,2029,759390.209389033
Low,Bosnia and Herzegovina,AD,2029,28727.426850836
Low,Bosnia and Herzegovina,I,2029,126.38152325811
Low,Bosnia and Herzegovina,O,2029,613732.1604571638
Low,Bosnia and Herzegovina,T,2029,642585.968831258
Base,Bulgaria,AD,2029,101299.40388825022
Base,Bulgaria,I,2029,4308.22612816485
Base,Bulgaria,O,2029,1180226.1018734619
Base,Bulgaria,T,2029,1285833.73188988
High,Bulgaria,AD,2029,112782.56764385728
High,Bulgaria,I,2029,4755.95423429844
High,Bulgaria,O,2029,1261942.5796535113
High,Bulgaria,T,2029,1379481.10153167
Low,Bulgaria,AD,2029,92593.3471579295
Low,Bulgaria,I,2029,3957.89564686786
Low,Bulgaria,O,2029,1102385.3109751903
Low,Bulgaria,T,2029,1198936.55377999
Base,Croatia,AD,2029,142918.78995621667
Base,Croatia,I,2029,11811.3564119342
Base,Croatia,O,2029,1023485.9824008093
Base,Croatia,T,2029,1178216.12876896
High,Croatia,AD,2029,159074.04710007814
High,Croatia,I,2029,13151.6195318961
High,Croatia,O,2029,1108478.4162016152
High,Croatia,T,2029,1280704.08283359
Low,Croatia,AD,2029,128924.77806515351
Low,Croatia,I,2029,10665.9341683467
Low,Croatia,O,2029,943808.9875647514
Low,Croatia,T,2029,1083399.69979825
Base,Cyprus,AD,2029,121391.5861214553
Base,Cyprus,I,2029,1955.67913212132
Base,Cyprus,O,2029,407102.4970813104
Base,Cyprus,T,2029,530449.762334887
High,Cyprus,AD,2029,135112.5407867754
High,Cyprus,I,2029,1969.12049628934
High,Cyprus,O,2029,439350.76921378594
High,Cyprus,T,2029,576432.430496851
Low,Cyprus,AD,2029,109794.78359515582
Low,Cyprus,I,2029,1943.89763124657
Low,Cyprus,O,2029,376791.77744327695
Low,Cyprus,T,2029,488530.458669679
Base,Czech Republic,AD,2029,188735.68002923255
Base,Czech Republic,I,2029,6991.56401118531
Base,Czech Republic,O,2029,762120.113157521
Base,Czech Republic,T,2029,957847.357197939
High,Czech Republic,AD,2029,208077.55217571137
High,Czech Republic,I,2029,7408.55290426515
High,Czech Republic,O,2029,812945.3626383488
High,Czech Republic,T,2029,1028431.46771833
Low,Czech Republic,AD,2029,170505.72083263338
Low,Czech Republic,I,2029,6590.63875407895
Low,Czech Republic,O,2029,710478.1515044348
Low,Czech Republic,T,2029,887574.511091147
Base,DK-SE FAB,AD,2029,518139.61856038513
Base,DK-SE FAB,I,2029,135445.2960632234
Base,DK-SE FAB,O,2029,341788.6459259664
Base,DK-SE FAB,T,2029,995373.560549574
High,DK-SE FAB,AD,2029,560973.4739263033
High,DK-SE FAB,I,2029,148131.0736080352
High,DK-SE FAB,O,2029,370545.3748456789
High,DK-SE FAB,T,2029,1079649.92238002
Low,DK-SE FAB,AD,2029,478376.17206384527
Low,DK-SE FAB,I,2029,124767.7418025987
Low,DK-SE FAB,O,2029,315825.21313286485
Low,DK-SE FAB,T,2029,918969.12699931
Base,Danube FAB,AD,2029,320667.02941854304
Base,Danube FAB,I,2029,32907.5208241133
Base,Danube FAB,O,2029,1144556.2045730422
Base,Danube FAB,T,2029,1498130.7548157
High,Danube FAB,AD,2029,352611.5197409968
High,Danube FAB,I,2029,35486.5859120487
High,Danube FAB,O,2029,1223168.4560292233
High,Danube FAB,T,2029,1611266.56168227
Low,Danube FAB,AD,2029,293622.2303913354
Low,Danube FAB,I,2029,30718.6469123843
Low,Danube FAB,O,2029,1069193.8590385523
Low,Danube FAB,T,2029,1393534.73634227
Base,Denmark,AD,2029,314105.0279971022
Base,Denmark,I,2029,29153.9274040341
Base,Denmark,O,2029,300320.0630594262
Base,Denmark,T,2029,643579.018460562
High,Denmark,AD,2029,338728.4579501183
High,Denmark,I,2029,30676.61681109
High,Denmark,O,2029,322327.25343203533
High,Denmark,T,2029,691732.328193243
Low,Denmark,AD,2029,291731.7409445104
Low,Denmark,I,2029,27795.1914707539
Low,Denmark,O,2029,278657.2715530102
Low,Denmark,T,2029,598184.203968275
Base,ECAC,AD,2029,2653215.163889279
Base,ECAC,I,2029,9264872.115738498
Base,ECAC,O,2029,254423.29277649423
Base,ECAC,T,2029,12172510.5724043
High,ECAC,AD,2029,2831933.6271699406
High,ECAC,I,2029,9973678.219041148
High,ECAC,O,2029,272518.6883155408
High,ECAC,T,2029,13078130.5345266
Low,ECAC,AD,2029,2480484.0021188767
Low,ECAC,I,2029,8581936.805969601
Low,ECAC,O,2029,238910.54768668165
Low,ECAC,T,2029,11301331.3557752
Base,ESRA08,AD,2029,2810464.4110270147
Base,ESRA08,I,2029,8871983.533538021
Base,ESRA08,O,2029,229208.42720185596
Base,ESRA08,T,2029,11911656.3717669
High,ESRA08,AD,2029,3007902.3100799993
High,ESRA08,I,2029,9537870.42701735
High,ESRA08,O,2029,248464.7809468598
High,ESRA08,T,2029,12794237.5180442
Low,ESRA08,AD,2029,2621241.5819405424
Low,ESRA08,I,2029,8227287.973331392
Low,ESRA08,O,2029,212544.79723853065
Low,ESRA08,T,2029,11061074.3525105
Base,EU27,AD,2029,4258589.821007365
Base,EU27,I,2029,5293307.077597384
Base,EU27,O,2029,1163324.575618156
Base,EU27,T,2029,10715221.4742229
High,EU27,AD,2029,4578241.92468122
High,EU27,I,2029,5698189.2441524295
High,EU27,O,2029,1235339.8364471507
High,EU27,T,2029,11511771.0052808
Low,EU27,AD,2029,3951533.339179769
Low,EU27,I,2029,4890833.04903818
Low,EU27,O,2029,1099077.2042459904
Low,EU27,T,2029,9941443.59246394
Base,Estonia,AD,2029,43730.16839669336
Base,Estonia,I,2029,3315.79742657717
Base,Estonia,O,2029,150702.4725519262
Base,Estonia,T,2029,197748.438375197
High,Estonia,AD,2029,48734.38772867908
High,Estonia,I,2029,3523.06216960581
High,Estonia,O,2029,162502.04015233985
High,Estonia,T,2029,214759.490050625
Low,Estonia,AD,2029,39332.21083663298
Low,Estonia,I,2029,2988.48350145918
Low,Estonia,O,2029,139878.74657740243
Low,Estonia,T,2029,182199.440915495
Base,FAB CE,AD,2029,864511.1259448854
Base,FAB CE,I,2029,72493.4292515712
Base,FAB CE,O,2029,2231703.801527701
Base,FAB CE,T,2029,3168708.35672416
High,FAB CE,AD,2029,932076.5079962082
High,FAB CE,I,2029,78189.26572953069
High,FAB CE,O,2029,2400330.66601879
High,FAB CE,T,2029,3410596.43974453
Low,FAB CE,AD,2029,788473.4748925446
Low,FAB CE,I,2029,66797.83801510815
Low,FAB CE,O,2029,2075626.2854557906
Low,FAB CE,T,2029,2930897.59836344
Base,FABEC,AD,2029,3740801.4124258487
Base,FABEC,I,2029,980019.1390348893
Base,FABEC,O,2029,2060882.6865637365
Base,FABEC,T,2029,6781703.23802447
High,FABEC,AD,2029,3994486.9159130584
High,FABEC,I,2029,1029554.5320829077
High,FABEC,O,2029,2227318.194017439
High,FABEC,T,2029,7251359.64201341
Low,FABEC,AD,2029,3475324.156700657
Low,FABEC,I,2029,926394.7946582485
Low,FABEC,O,2029,1907621.8730754557
Low,FABEC,T,2029,6309340.82443436
Base,Finland,AD,2029,162323.20666127655
Base,Finland,I,2029,36984.8980868984
Base,Finland,O,2029,67586.14766488568
Base,Finland,T,2029,266894.252413061
High,Finland,AD,2029,178074.1505584915
High,Finland,I,2029,40840.3046018934
High,Finland,O,2029,74249.69161013923
High,Finland,T,2029,293164.146770524
Low,Finland,AD,2029,148999.04885095073
Low,Finland,I,2029,33775.4632874761
Low,Finland,O,2029,62231.37564908014
Low,Finland,T,2029,245005.887787507
Base,France,AD,2029,1308767.7560377906
Base,France,I,2029,330865.306468113
Base,France,O,2029,2297795.700496596
Base,France,T,2029,3937428.7630025
High,France,AD,2029,1406900.6351350201
High,France,I,2029,348084.871601695
High,France,O,2029,2480276.7154704947
High,France,T,2029,4235262.22220721
Low,France,AD,2029,1212509.8186027864
Low,France,I,2029,312809.636276207
Low,France,O,2029,2120402.3954125186
Low,France,T,2029,3645721.85029151
Base,Georgia,AD,2029,93409.05416982691
Base,Georgia,I,2029,513.441091332131
Base,Georgia,O,2029,269108.00619807985
Base,Georgia,T,2029,363030.501459239
High,Georgia,AD,2029,102522.39715756904
High,Georgia,I,2029,603.781532405875
High,Georgia,O,2029,284145.4797508477
High,Georgia,T,2029,387271.658440823
Low,Georgia,AD,2029,85271.13102647307
Low,Georgia,I,2029,433.143001176522
Low,Georgia,O,2029,253589.08151871187
Low,Georgia,T,2029,339293.355546361
Base,Germany,AD,2029,1683845.1671851818
Base,Germany,I,2029,227445.004311081
Base,Germany,O,2029,1475733.8241708998
Base,Germany,T,2029,3387023.99566716
High,Germany,AD,2029,1808149.647806089
High,Germany,I,2029,240320.348108004
High,Germany,O,2029,1570636.291244036
High,Germany,T,2029,3619106.28715813
Low,Germany,AD,2029,1567781.317380237
Low,Germany,I,2029,216285.641374077
Low,Germany,O,2029,1373960.5922811122
Low,Germany,T,2029,3158027.55103543
Base,Greece,AD,2029,488071.99263738486
Base,Greece,I,2029,143690.679628066
Base,Greece,O,2029,672567.3780399422
Base,Greece,T,2029,1304330.05030539
High,Greece,AD,2029,534682.4507917112
High,Greece,I,2029,152940.649383401
High,Greece,O,2029,722087.9492023379
High,Greece,T,2029,1409711.04937745
Low,Greece,AD,2029,446640.6192302766
Low,Greece,I,2029,135165.777586918
Low,Greece,O,2029,625273.7194084538
Low,Greece,T,2029,1207080.11622565
Base,Hungary,AD,2029,175967.63852339203
Base,Hungary,I,2029,1525.29966739014
Base,Hungary,O,2029,1207904.78147881
Base,Hungary,T,2029,1385397.71966959
High,Hungary,AD,2029,176936.30028566445
High,Hungary,I,2029,1524.99711856298
High,Hungary,O,2029,1297800.316250526
High,Hungary,T,2029,1476261.61365475
Low,Hungary,AD,2029,158948.77624171233
Low,Hungary,I,2029,1464.47271183436
Low,Hungary,O,2029,1125681.8713674212
Low,Hungary,T,2029,1286095.12032097
Base,Iceland,AD,2029,71351.34676703336
Base,Iceland,I,2029,13002.2583806092
Base,Iceland,O,2029,112561.20082262857
Base,Iceland,T,2029,196914.805970271
High,Iceland,AD,2029,80581.08999151835
High,Iceland,I,2029,14363.7315287254
High,Iceland,O,2029,120394.39405122955
High,Iceland,T,2029,215339.215571473
Low,Iceland,AD,2029,63514.767316179714
Low,Iceland,I,2029,11676.4334820473
Low,Iceland,O,2029,105969.10246198118
Low,Iceland,T,2029,181160.303260208
Base,Ireland,AD,2029,348631.79179111787
Base,Ireland,I,2029,6922.58752727812
Base,Ireland,O,2029,418992.84649531153
Base,Ireland,T,2029,774547.225813707
High,Ireland,AD,2029,375263.84072526183
High,Ireland,I,2029,7384.73459733297
High,Ireland,O,2029,446491.86712853465
High,Ireland,T,2029,829140.442451129
Low,Ireland,AD,2029,318628.0795674665
Low,Ireland,I,2029,6332.83775175994
Low,Ireland,O,2029,395287.31746215676
Low,Ireland,T,2029,720248.234781383
Base,Israel,AD,2029,175646.3742831334
Base,Israel,I,2029,13621.3453890483
Base,Israel,O,2029,27086.416509232542
Base,Israel,T,2029,216354.136181414
High,Israel,AD,2029,193663.14615699515
High,Israel,I,2029,14850.5353032154
High,Israel,O,2029,28375.87101960491
High,Israel,T,2029,236889.552479815
Low,Israel,AD,2029,158832.2519652458
Low,Israel,I,2029,12551.9554095544
Low,Israel,O,2029,25803.49493534651
Low,Israel,T,2029,197187.702310147
Base,Italy,AD,2029,1305828.0995002831
Base,Italy,I,2029,317790.293009973
Base,Italy,O,2029,985941.9011105419
Base,Italy,T,2029,2609560.2936208
High,Italy,AD,2029,1429089.3379741167
High,Italy,I,2029,349260.728725013
High,Italy,O,2029,1062433.3281227138
High,Italy,T,2029,2840783.39482184
Low,Italy,AD,2029,1194389.9304971697
Low,Italy,I,2029,289126.733486479
Low,Italy,O,2029,910206.6156512554
Low,Italy,T,2029,2393723.2796349
Base,Latvia,AD,2029,71224.05725512242
Base,Latvia,I,2029,884.864586338192
Base,Latvia,O,2029,197896.41471947086
Base,Latvia,T,2029,270005.336560932
High,Latvia,AD,2029,79870.84362321184
High,Latvia,I,2029,911.355698817317
High,Latvia,O,2029,213779.09820016992
High,Latvia,T,2029,294561.297522199
Low,Latvia,AD,2029,63821.01427097244
Low,Latvia,I,2029,860.176343256193
Low,Latvia,O,2029,183108.03407911552
Low,Latvia,T,2029,247789.224693344
Base,Lithuania,AD,2029,66399.28726131032
Base,Lithuania,I,2029,2441.10318783997
Base,Lithuania,O,2029,183478.61538036942
Base,Lithuania,T,2029,252319.00582952
High,Lithuania,AD,2029,73236.57040739262
High,Lithuania,I,2029,2502.44438995851
High,Lithuania,O,2029,200019.83996515084
High,Lithuania,T,2029,275758.854762502
Low,Lithuania,AD,2029,60387.234405085255
Low,Lithuania,I,2029,2384.11973781579
Low,Lithuania,O,2029,168465.80608355682
Low,Lithuania,T,2029,231237.160226458
Base,Malta,AD,2029,85835.07920466826
Base,Malta,I,2029,693.541851399868
Base,Malta,O,2029,108540.50010200193
Base,Malta,T,2029,195069.12115807
High,Malta,AD,2029,95034.17174850141
High,Malta,I,2029,724.392462234666
High,Malta,O,2029,116626.82484083809
High,Malta,T,2029,212385.389051574
Low,Malta,AD,2029,77321.06776519332
Low,Malta,I,2029,663.938077198848
Low,Malta,O,2029,100951.78629404768
Low,Malta,T,2029,178936.79213644
Base,Moldova,AD,2029,61640.6776780448
Base,Moldova,I,2029,21.3265590095533
Base,Moldova,O,2029,78.23724441191337
Base,Moldova,T,2029,61740.2414814663
High,Moldova,AD,2029,68249.97492568496
High,Moldova,I,2029,23.8123479130306
High,Moldova,O,2029,83.05944694561407
High,Moldova,T,2029,68356.8467205436
Low,Moldova,AD,2029,56073.39261926011
Low,Moldova,I,2029,19.2835012054621
Low,Moldova,O,2029,73.44099330376429
Low,Moldova,T,2029,56166.1171137693
Base,Morocco,AD,2029,269908.4087211776
Base,Morocco,I,2029,38112.4608295165
Base,Morocco,O,2029,353145.12914321944
Base,Morocco,T,2029,661165.998693914
High,Morocco,AD,2029,291464.2821079061
High,Morocco,I,2029,41580.5508329395
High,Morocco,O,2029,385947.9866971333
High,Morocco,T,2029,718992.819637978
Low,Morocco,AD,2029,246631.18589189934
Low,Morocco,I,2029,34673.7895515209
Low,Morocco,O,2029,322883.10460139834
Low,Morocco,T,2029,604188.080044819
Base,NEFAB,AD,2029,441141.7509517038
Base,NEFAB,I,2029,348254.1606510434
Base,NEFAB,O,2029,223629.15651776982
Base,NEFAB,T,2029,1013025.06812052
High,NEFAB,AD,2029,483397.4870848192
High,NEFAB,I,2029,374195.0930418235
High,NEFAB,O,2029,241090.93200435524
High,NEFAB,T,2029,1098683.512131
Low,NEFAB,AD,2029,404142.2276472061
Low,NEFAB,I,2029,326314.8316424911
Low,NEFAB,O,2029,207855.6466885313
Low,NEFAB,T,2029,938312.705978229
Base,Netherlands,AD,2029,594223.8481045519
Base,Netherlands,I,2029,13390.043923913663
Base,Netherlands,O,2029,699128.3802575407
Base,Netherlands,T,2029,1306742.27228601
High,Netherlands,AD,2029,611000.3634252358
High,Netherlands,I,2029,14118.432098936977
High,Netherlands,O,2029,746545.5360471865
High,Netherlands,T,2029,1371664.33157136
Low,Netherlands,AD,2029,547540.5518813838
Low,Netherlands,I,2029,12660.71775390207
Low,Netherlands,O,2029,655839.7799228843
Low,Netherlands,T,2029,1216041.04955817
Base,North Macedonia,AD,2029,31589.676498322235
Base,North Macedonia,I,2029,13.5157001797261
Base,North Macedonia,O,2029,322438.99180303194
Base,North Macedonia,T,2029,354042.184001534
High,North Macedonia,AD,2029,35655.191368606014
High,North Macedonia,I,2029,17.8983641227331
High,North Macedonia,O,2029,348583.18151426694
High,North Macedonia,T,2029,384256.271246995
Low,North Macedonia,AD,2029,27851.82434345446
Low,North Macedonia,I,2029,10.0829609503894
Low,North Macedonia,O,2029,298372.1867501424
Low,North Macedonia,T,2029,326234.094054548
Base,Norway-Continental,AD,2029,228535.25520447345
Base,Norway-Continental,I,2029,272603.182964728
Base,Norway-Continental,O,2029,91713.67260318236
Base,Norway-Continental,T,2029,592852.110772383
High,Norway-Continental,AD,2029,250113.4783254744
High,Norway-Continental,I,2029,289921.860563253
High,Norway-Continental,O,2029,99789.06408063839
High,Norway-Continental,T,2029,639824.402969365
Low,Norway-Continental,AD,2029,209878.22715950018
Low,Norway-Continental,I,2029,257767.065323722
Low,Norway-Continental,O,2029,84971.11496316871
Low,Norway-Continental,T,2029,552616.407446391
Base,Poland,AD,2029,525781.9287129339
Base,Poland,I,2029,42606.5460785672
Base,Poland,O,2029,347227.51139100967
Base,Poland,T,2029,915615.986182511
High,Poland,AD,2029,556792.4198738023
High,Poland,I,2029,42945.6330081302
High,Poland,O,2029,379809.7584231608
High,Poland,T,2029,979547.811305093
Low,Poland,AD,2029,495940.38827097137
Low,Poland,I,2029,42090.0762364658
Low,Poland,O,2029,317865.80294955074
Low,Poland,T,2029,855896.267456988
Base,Portugal,AD,2029,444959.6268159078
Base,Portugal,I,2029,69219.5105940505
Base,Portugal,O,2029,436004.2644708887
Base,Portugal,T,2029,950183.401880848
High,Portugal,AD,2029,489631.1819306181
High,Portugal,I,2029,76130.92018069449
High,Portugal,O,2029,474926.1898508815
High,Portugal,T,2029,1040688.29196219
Low,Portugal,AD,2029,406871.16038009606
Low,Portugal,I,2029,63431.9918642899
Low,Portugal,O,2029,401499.05206202925
Low,Portugal,T,2029,871802.204306415
Base,Portugal-Continental,AD,2029,452783.2113287586
Base,Portugal-Continental,I,2029,34789.8882015135
Base,Portugal-Continental,O,2029,362000.4368165707
Base,Portugal-Continental,T,2029,849573.536346844
High,Portugal-Continental,AD,2029,498817.40337169333
High,Portugal-Continental,I,2029,37311.1720101729
High,Portugal-Continental,O,2029,395679.7445060602
High,Portugal-Continental,T,2029,931808.319887926
Low,Portugal-Continental,AD,2029,413663.8268237903
Low,Portugal-Continental,I,2029,32514.7540378485
Low,Portugal-Continental,O,2029,332124.94264009583
Low,Portugal-Continental,T,2029,778303.523501735
Base,Portugal-SantaMaria,AD,2029,22845.647905921236
Base,Portugal-SantaMaria,I,2029,19095.0061831509
Base,Portugal-SantaMaria,O,2029,186506.03178869447
Base,Portugal-SantaMaria,T,2029,228446.685877767
High,Portugal-SantaMaria,AD,2029,26131.42666235606
High,Portugal-SantaMaria,I,2029,21160.9241188059
High,Portugal-SantaMaria,O,2029,203393.49684463916
High,Portugal-SantaMaria,T,2029,250685.847625801
Low,Portugal-SantaMaria,AD,2029,20205.527673517605
Low,Portugal-SantaMaria,I,2029,17418.1407678355
Low,Portugal-SantaMaria,O,2029,173213.5733764827
Low,Portugal-SantaMaria,T,2029,210837.241817836
Base,Romania,AD,2029,222374.65047593365
Base,Romania,I,2029,27095.7822231279
Base,Romania,O,2029,785910.8795701176
Base,Romania,T,2029,1035381.31226918
High,Romania,AD,2029,243127.42969558225
High,Romania,I,2029,29081.3928785288
High,Romania,O,2029,835094.6252878454
High,Romania,T,2029,1107303.44786196
Low,Romania,AD,2029,203784.883182968
Low,Romania,I,2029,25382.7512907353
Low,Romania,O,2029,737407.5857890998
Low,Romania,T,2029,966575.220262803
Base,SES-RP2,AD,2029,2965178.1356958277
Base,SES-RP2,I,2029,7775924.632937116
Base,SES-RP2,O,2029,508431.20724366454
Base,SES-RP2,T,2029,11249533.9758766
High,SES-RP2,AD,2029,3185724.6525563486
High,SES-RP2,I,2029,8337747.72868143
High,SES-RP2,O,2029,554041.7679033689
High,SES-RP2,T,2029,12077514.1491411
Low,SES-RP2,AD,2029,2756366.2757032877
Low,SES-RP2,I,2029,7221314.887416706
Low,SES-RP2,O,2029,469489.9281266128
Low,SES-RP2,T,2029,10447171.0912466
Base,SES-RP3,AD,2029,3984710.226656692
Base,SES-RP3,I,2029,6048169.591617372
Base,SES-RP3,O,2029,951044.2621747357
Base,SES-RP3,T,2029,10983924.0804488
High,SES-RP3,AD,2029,4284550.547321394
High,SES-RP3,I,2029,6496092.514203872
High,SES-RP3,O,2029,1015878.301824469
High,SES-RP3,T,2029,11796521.3633497
Low,SES-RP3,AD,2029,3697562.6028612624
Low,SES-RP3,I,2029,5603250.838624984
Low,SES-RP3,O,2029,894980.1798708866
Low,SES-RP3,T,2029,10195793.6213571
Base,Serbia/Montenegro,AD,2029,163606.3819635901
Base,Serbia/Montenegro,I,2029,10693.9488167089
Base,Serbia/Montenegro,O,2029,1041721.6248464121
Base,Serbia/Montenegro,T,2029,1216021.95562671
High,Serbia/Montenegro,AD,2029,180194.42119648555
High,Serbia/Montenegro,I,2029,11807.5625769115
High,Serbia/Montenegro,O,2029,1128450.7798468354
High,Serbia/Montenegro,T,2029,1320452.76362023
Low,Serbia/Montenegro,AD,2029,147897.35668783548
Low,Serbia/Montenegro,I,2029,9568.53363103506
Low,Serbia/Montenegro,O,2029,962535.5911009922
Low,Serbia/Montenegro,T,2029,1120001.48141986
Base,Slovakia,AD,2029,38720.22699450212
Base,Slovakia,I,2029,2189.6715354482
Base,Slovakia,O,2029,644301.4279670734
Base,Slovakia,T,2029,685211.326497024
High,Slovakia,AD,2029,42468.010307425684
High,Slovakia,I,2029,2375.62462143504
High,Slovakia,O,2029,691303.3075167531
High,Slovakia,T,2029,736146.942445614
Low,Slovakia,AD,2029,35296.03852355641
Low,Slovakia,I,2029,2031.42761178832
Low,Slovakia,O,2029,596616.7316793676
Low,Slovakia,T,2029,633944.197814712
Base,Slovenia,AD,2029,27242.035605841338
Base,Slovenia,I,2029,1445.66735928075
Base,Slovenia,O,2029,651544.2841940596
Base,Slovenia,T,2029,680231.987159182
High,Slovenia,AD,2029,29718.095255907323
High,Slovenia,I,2029,1514.47771628501
High,Slovenia,O,2029,703275.6714219145
High,Slovenia,T,2029,734508.244394107
Low,Slovenia,AD,2029,24777.814061559064
Low,Slovenia,I,2029,1387.37636645286
Low,Slovenia,O,2029,602297.7940270202
Low,Slovenia,T,2029,628462.984455032
Base,South West FAB,AD,2029,1968326.6287958664
Base,South West FAB,I,2029,573469.630349958
Base,South West FAB,O,2029,317667.6965261977
Base,South West FAB,T,2029,2859463.95567203
High,South West FAB,AD,2029,2132781.9446463464
High,South West FAB,I,2029,605053.309565671
High,South West FAB,O,2029,341202.62281980726
High,South West FAB,T,2029,3079037.87703182
Low,South West FAB,AD,2029,1808674.8586889696
Low,South West FAB,I,2029,537676.016141999
Low,South West FAB,O,2029,293202.7518790886
Low,South West FAB,T,2029,2639553.62671005
Base,Spain,AD,2029,1636470.3102885918
Base,Spain,I,2029,484211.704271557
Base,Spain,O,2029,646912.0515340859
Base,Spain,T,2029,2767594.06609423
High,Spain,AD,2029,1763625.5828968796
High,Spain,I,2029,509289.248921856
High,Spain,O,2029,704417.3777302112
High,Spain,T,2029,2977332.20954895
Low,Spain,AD,2029,1508401.316406963
Low,Spain,I,2029,453981.939506264
Low,Spain,O,2029,593384.7543088221
Low,Spain,T,2029,2555768.01022205
Base,Spain-Canaries,AD,2029,296732.63903663063
Base,Spain-Canaries,I,2029,97914.4623197813
Base,Spain-Canaries,O,2029,72531.685485559
Base,Spain-Canaries,T,2029,467178.786841971
High,Spain-Canaries,AD,2029,325148.6084217361
High,Spain-Canaries,I,2029,106329.337463532
High,Spain-Canaries,O,2029,79364.09518336253
High,Spain-Canaries,T,2029,510842.04106863
Low,Spain-Canaries,AD,2029,269200.1452324305
Low,Spain-Canaries,I,2029,89329.7760610162
Low,Spain-Canaries,O,2029,67357.20268446776
Low,Spain-Canaries,T,2029,425887.123977914
Base,Spain-Continental,AD,2029,1514340.6431944289
Base,Spain-Continental,I,2029,292999.837530424
Base,Spain-Continental,O,2029,795386.9872072582
Base,Spain-Continental,T,2029,2602727.46793211
High,Spain-Continental,AD,2029,1629082.0469795775
High,Spain-Continental,I,2029,301279.221810532
High,Spain-Continental,O,2029,867432.9191588847
High,Spain-Continental,T,2029,2797794.18794899
Low,Spain-Continental,AD,2029,1398381.143129749
Low,Spain-Continental,I,2029,279545.857734886
Low,Spain-Continental,O,2029,727178.8772859204
Low,Spain-Continental,T,2029,2405105.87815055
Base,Sweden,AD,2029,247784.0046856691
Base,Sweden,I,2029,83793.7386309059
Base,Sweden,O,2029,397375.1483908892
Base,Sweden,T,2029,728952.891707465
High,Sweden,AD,2029,270242.36623211723
High,Sweden,I,2029,92792.0005581312
High,Sweden,O,2029,430430.43919251434
High,Sweden,T,2029,793464.805982763
Low,Sweden,AD,2029,227019.2675974552
Low,Sweden,I,2029,76198.2244346093
Low,Sweden,O,2029,368126.046941488
Low,Sweden,T,2029,671343.538973552
Base,Switzerland,AD,2029,487323.251571146
Base,Switzerland,I,2029,16515.883605062
Base,Switzerland,O,2029,784348.4959918888
Base,Switzerland,T,2029,1288187.6311681
High,Switzerland,AD,2029,504066.8701007796
High,Switzerland,I,2029,16824.2869400778
High,Switzerland,O,2029,848487.6335878746
High,Switzerland,T,2029,1369378.79062873
Low,Switzerland,AD,2029,465710.9956331977
Low,Switzerland,I,2029,16054.1555078676
Low,Switzerland,O,2029,721782.0141102317
Low,Switzerland,T,2029,1203547.1652513
Base,Türkiye,AD,2029,1040478.3792474683
Base,Türkiye,I,2029,392564.630933976
Base,Türkiye,O,2029,734273.5875611348
Base,Türkiye,T,2029,2167316.59774258
High,Türkiye,AD,2029,1128788.9715407249
High,Türkiye,I,2029,427911.743492285
High,Türkiye,O,2029,775271.0043775057
High,Türkiye,T,2029,2331971.71941052
Low,Türkiye,AD,2029,964768.2142127361
Low,Türkiye,I,2029,361924.067305152
Low,Türkiye,O,2029,691195.8516465265
Low,Türkiye,T,2029,2017888.13316441
Base,UK-Continental,AD,2029,1887699.5007381565
Base,UK-Continental,I,2029,265970.689400627
Base,UK-Continental,O,2029,552093.6916777648
Base,UK-Continental,T,2029,2705763.88181655
High,UK-Continental,AD,2029,2003306.6771427274
High,UK-Continental,I,2029,281876.069171041
High,UK-Continental,O,2029,594359.1491766289
High,UK-Continental,T,2029,2879541.8954904
Low,UK-Continental,AD,2029,1777772.761570151
Low,UK-Continental,I,2029,250897.617753436
Low,UK-Continental,O,2029,509400.94861872954
Low,UK-Continental,T,2029,2538071.32794232
Base,UK-Ireland FAB,AD,2029,1984839.7489123493
Base,UK-Ireland FAB,I,2029,398639.575440907
Base,UK-Ireland FAB,O,2029,385848.84812944714
Base,UK-Ireland FAB,T,2029,2769328.1724827
High,UK-Ireland FAB,AD,2029,2113388.780577645
High,UK-Ireland FAB,I,2029,421852.273117681
High,UK-Ireland FAB,O,2029,414730.0825658976
High,UK-Ireland FAB,T,2029,2949971.13626123
Low,UK-Ireland FAB,AD,2029,1860993.12096362
Low,UK-Ireland FAB,I,2029,374934.768320626
Low,UK-Ireland FAB,O,2029,358960.89332938165
Low,UK-Ireland FAB,T,2029,2594888.78261363
Base,Ukraine,AD,2029,64.9920496983855
Base,Ukraine,O,2029,1040.3829239823099
Base,Ukraine,T,2029,1105.37497368069
High,Ukraine,AD,2029,70.43676905957449
High,Ukraine,O,2029,1088.7035801463137
High,Ukraine,T,2029,1159.14034920589
Low,Ukraine,AD,2029,60.46077658700973
Low,Ukraine,O,2029,993.6963312580369
Low,Ukraine,T,2029,1054.15710784505
Base,NM Area,AD,2030,2404746.3859591023
Base,NM Area,I,2030,9909082.888181468
Base,NM Area,O,2030,173909.80552654978
Base,NM Area,T,2030,12487739.0796671
High,NM Area,AD,2030,2608576.6487443596
High,NM Area,I,2030,10870695.711253224
High,NM Area,O,2030,187123.5279693273
High,NM Area,T,2030,13666395.8879669
Low,NM Area,AD,2030,2216396.1100565842
Low,NM Area,I,2030,8989788.562145187
Low,NM Area,O,2030,162890.45455150228
Low,NM Area,T,2030,11369075.1267533
Base,Albania,AD,2030,101834.4631202708
Base,Albania,I,2030,25.3568943519772
Base,Albania,O,2030,396278.57915673184
Base,Albania,T,2030,498138.399171355
High,Albania,AD,2030,113859.26438936491
High,Albania,I,2030,24.5780818672642
High,Albania,O,2030,436395.00993679545
High,Albania,T,2030,550278.852408027
Low,Albania,AD,2030,86664.70607385453
Low,Albania,I,2030,24.3817052947231
Low,Albania,O,2030,360031.1397070276
Low,Albania,T,2030,446720.227486177
Base,Armenia,AD,2030,50913.05280821983
Base,Armenia,I,2030,26.867451967944
Base,Armenia,O,2030,133747.15444332917
Base,Armenia,T,2030,184687.074703517
High,Armenia,AD,2030,56803.93341033566
High,Armenia,I,2030,28.6898517464796
High,Armenia,O,2030,143468.27818976136
High,Armenia,T,2030,200300.901451844
Low,Armenia,AD,2030,45552.662601496566
Low,Armenia,I,2030,24.9625069627888
Low,Armenia,O,2030,124107.95919537701
Low,Armenia,T,2030,169685.584303836
Base,Austria,AD,2030,338771.98305307736
Base,Austria,I,2030,10462.6680284148
Base,Austria,O,2030,1569502.6079214467
Base,Austria,T,2030,1918737.25900294
High,Austria,AD,2030,374075.5614629669
High,Austria,I,2030,11516.754518691
High,Austria,O,2030,1715713.9906843496
High,Austria,T,2030,2101306.306666
Low,Austria,AD,2030,308587.76290797413
Low,Austria,I,2030,9916.48223813935
Low,Austria,O,2030,1429211.6471601056
Low,Austria,T,2030,1747715.89230622
Base,Azerbaijan,AD,2030,91294.20399064955
Base,Azerbaijan,I,2030,10263.9300839958
Base,Azerbaijan,O,2030,323485.5283767372
Base,Azerbaijan,T,2030,425043.662451382
High,Azerbaijan,AD,2030,103340.85075079853
High,Azerbaijan,I,2030,11768.5949114461
High,Azerbaijan,O,2030,339544.00124789093
High,Azerbaijan,T,2030,454653.446910135
Low,Azerbaijan,AD,2030,80351.69679796492
Low,Azerbaijan,I,2030,8915.07100381019
Low,Azerbaijan,O,2030,305165.71404728136
Low,Azerbaijan,T,2030,394432.481849057
Base,BLUE MED FAB,AD,2030,1865736.5413506164
Base,BLUE MED FAB,I,2030,560555.518464992
Base,BLUE MED FAB,O,2030,1316301.6325218633
Base,BLUE MED FAB,T,2030,3742593.69233747
High,BLUE MED FAB,AD,2030,2091545.040038759
High,BLUE MED FAB,I,2030,628897.07039093
High,BLUE MED FAB,O,2030,1442112.918892423
High,BLUE MED FAB,T,2030,4162555.02932211
Low,BLUE MED FAB,AD,2030,1666772.1850721305
Low,BLUE MED FAB,I,2030,500905.285087018
Low,BLUE MED FAB,O,2030,1193978.2485219885
Low,BLUE MED FAB,T,2030,3361655.71868114
Base,Baltic FAB,AD,2030,610275.6927583826
Base,Baltic FAB,I,2030,53495.7807221179
Base,Baltic FAB,O,2030,371287.939937722
Base,Baltic FAB,T,2030,1035059.41341822
High,Baltic FAB,AD,2030,685426.2468642538
High,Baltic FAB,I,2030,58608.5985210348
High,Baltic FAB,O,2030,415282.433209741
High,Baltic FAB,T,2030,1159317.27859503
Low,Baltic FAB,AD,2030,546083.7744576775
Low,Baltic FAB,I,2030,49075.598908342
Low,Baltic FAB,O,2030,333826.0204308038
Low,Baltic FAB,T,2030,928985.393796823
Base,Belgium/Luxembourg,AD,2030,439434.1080420236
Base,Belgium/Luxembourg,I,2030,6098.19496607345
Base,Belgium/Luxembourg,O,2030,952042.2544364278
Base,Belgium/Luxembourg,T,2030,1397574.55744453
High,Belgium/Luxembourg,AD,2030,475468.93775813514
High,Belgium/Luxembourg,I,2030,6350.32909597346
High,Belgium/Luxembourg,O,2030,1028397.9633093319
High,Belgium/Luxembourg,T,2030,1510217.23016344
Low,Belgium/Luxembourg,AD,2030,401059.05643850024
Low,Belgium/Luxembourg,I,2030,5837.80785916252
Low,Belgium/Luxembourg,O,2030,873720.9625155758
Low,Belgium/Luxembourg,T,2030,1280617.82681324
Base,Bosnia and Herzegovina,AD,2030,33347.71780756457
Base,Bosnia and Herzegovina,I,2030,152.955661769861
Base,Bosnia and Herzegovina,O,2030,682025.0513752466
Base,Bosnia and Herzegovina,T,2030,715525.724844581
High,Bosnia and Herzegovina,AD,2030,38135.27647832538
High,Bosnia and Herzegovina,I,2030,182.018806439012
High,Bosnia and Herzegovina,O,2030,756654.9030525971
High,Bosnia and Herzegovina,T,2030,794972.198337362
Low,Bosnia and Herzegovina,AD,2030,29090.348728948433
Low,Bosnia and Herzegovina,I,2030,123.542432260503
Low,Bosnia and Herzegovina,O,2030,614138.6761399433
Low,Bosnia and Herzegovina,T,2030,643352.567301153
Base,Bulgaria,AD,2030,104163.63029233973
Base,Bulgaria,I,2030,4418.61961970756
Base,Bulgaria,O,2030,1211442.8590857803
Base,Bulgaria,T,2030,1320025.10899783
High,Bulgaria,AD,2030,119924.63093984638
High,Bulgaria,I,2030,5022.49693773869
High,Bulgaria,O,2030,1325307.9641675963
High,Bulgaria,T,2030,1450255.09204518
Low,Bulgaria,AD,2030,91642.12930955699
Low,Bulgaria,I,2030,3969.6086220911
Low,Bulgaria,O,2030,1108272.1310916916
Low,Bulgaria,T,2030,1203883.86902334
Base,Croatia,AD,2030,147512.182237412
Base,Croatia,I,2030,12258.723889229
Base,Croatia,O,2030,1046461.1167636589
Base,Croatia,T,2030,1206232.0228903
High,Croatia,AD,2030,169187.3309942615
High,Croatia,I,2030,14082.7808740142
High,Croatia,O,2030,1155635.3214885958
High,Croatia,T,2030,1338905.43335687
Low,Croatia,AD,2030,129650.24080041131
Low,Croatia,I,2030,10763.4371061902
Low,Croatia,O,2030,944238.3950293424
Low,Croatia,T,2030,1084652.07293594
Base,Cyprus,AD,2030,125365.5829262266
Base,Cyprus,I,2030,1961.39076054573
Base,Cyprus,O,2030,420166.03292136727
Base,Cyprus,T,2030,547493.00660814
High,Cyprus,AD,2030,144169.843838416
High,Cyprus,I,2030,1978.05830157476
High,Cyprus,O,2030,463619.36567642994
High,Cyprus,T,2030,609767.267816421
Low,Cyprus,AD,2030,110232.64363584755
Low,Cyprus,I,2030,1947.7173961909
Low,Cyprus,O,2030,380830.38519182615
Low,Cyprus,T,2030,493010.746223865
Base,Czech Republic,AD,2030,194814.4246217534
Base,Czech Republic,I,2030,7147.02551915497
Base,Czech Republic,O,2030,777579.4073223362
Base,Czech Republic,T,2030,979540.857463244
High,Czech Republic,AD,2030,221199.40722606058
High,Czech Republic,I,2030,7690.88145168457
High,Czech Republic,O,2030,848823.5591253992
High,Czech Republic,T,2030,1077713.84780315
Low,Czech Republic,AD,2030,171076.14813749903
Low,Czech Republic,I,2030,6655.12200416798
Low,Czech Republic,O,2030,710238.3263657126
Low,Czech Republic,T,2030,887969.59650738
Base,DK-SE FAB,AD,2030,526220.6231623649
Base,DK-SE FAB,I,2030,137412.0871675218
Base,DK-SE FAB,O,2030,349199.33139957883
Base,DK-SE FAB,T,2030,1012832.04172946
High,DK-SE FAB,AD,2030,582294.3497433079
High,DK-SE FAB,I,2030,153593.2603193865
High,DK-SE FAB,O,2030,387542.80337640125
High,DK-SE FAB,T,2030,1123430.4134391
Low,DK-SE FAB,AD,2030,476203.68978187774
Low,DK-SE FAB,I,2030,124279.3998075162
Low,DK-SE FAB,O,2030,315805.4465308533
Low,DK-SE FAB,T,2030,916288.536120247
Base,Danube FAB,AD,2030,331079.34840374737
Base,Danube FAB,I,2030,33880.0853418718
Base,Danube FAB,O,2030,1174406.2532716747
Base,Danube FAB,T,2030,1539365.68701729
High,Danube FAB,AD,2030,375142.03454300814
High,Danube FAB,I,2030,37398.177503187
High,Danube FAB,O,2030,1284480.3863312139
High,Danube FAB,T,2030,1697020.59837741
Low,Danube FAB,AD,2030,294468.71921411983
Low,Danube FAB,I,2030,31018.3453824862
Low,Danube FAB,O,2030,1074438.2984464727
Low,Danube FAB,T,2030,1399925.36304308
Base,Denmark,AD,2030,318170.4458807504
Base,Denmark,I,2030,29100.0558220501
Base,Denmark,O,2030,305515.987691904
Base,Denmark,T,2030,652786.489394704
High,Denmark,AD,2030,350777.1270879464
High,Denmark,I,2030,31008.9495260319
High,Denmark,O,2030,333522.3931344991
High,Denmark,T,2030,715308.469748477
Low,Denmark,AD,2030,289841.31218247704
Low,Denmark,I,2030,27397.2179043852
Low,Denmark,O,2030,278396.0456095421
Low,Denmark,T,2030,595634.575696404
Base,ECAC,AD,2030,2721222.7735810373
Base,ECAC,I,2030,9414172.055878473
Base,ECAC,O,2030,261041.48072135347
Base,ECAC,T,2030,12396436.3101809
High,ECAC,AD,2030,2956019.0301132863
High,ECAC,I,2030,10322989.24026802
High,ECAC,O,2030,284585.4408505876
High,ECAC,T,2030,13563593.7112319
Low,ECAC,AD,2030,2497959.3124206904
Low,ECAC,I,2030,8548574.218214031
Low,ECAC,O,2030,241613.94502632762
Low,ECAC,T,2030,11288147.475661
Base,ESRA08,AD,2030,2883173.464025271
Base,ESRA08,I,2030,9009974.071926123
Base,ESRA08,O,2030,236680.92762209446
Base,ESRA08,T,2030,12129828.4635735
High,ESRA08,AD,2030,3143692.08583034
High,ESRA08,I,2030,9861027.213992253
High,ESRA08,O,2030,261977.57877543088
High,ESRA08,T,2030,13266696.878598
Low,ESRA08,AD,2030,2638161.905685298
Low,ESRA08,I,2030,8193816.897326427
Low,ESRA08,O,2030,215589.45851061176
Low,ESRA08,T,2030,11047568.2615223
Base,EU27,AD,2030,4347753.788187082
Base,EU27,I,2030,5374707.868111469
Base,EU27,O,2030,1189119.1149177754
Base,EU27,T,2030,10911580.7712163
High,EU27,AD,2030,4759341.945504359
High,EU27,I,2030,5902105.471323969
High,EU27,O,2030,1283634.615099099
High,EU27,T,2030,11945082.0319274
Low,EU27,AD,2030,3956447.712995644
Low,EU27,I,2030,4865562.350288721
Low,EU27,O,2030,1105919.4999072237
Low,EU27,T,2030,9927929.56319158
Base,Estonia,AD,2030,45002.678019055384
Base,Estonia,I,2030,3339.15609183236
Base,Estonia,O,2030,153901.1369903337
Base,Estonia,T,2030,202242.971101221
High,Estonia,AD,2030,51902.339233898725
High,Estonia,I,2030,3595.7019015085
High,Estonia,O,2030,169539.2437968848
High,Estonia,T,2030,225037.284932292
Low,Estonia,AD,2030,39198.05639052001
Low,Estonia,I,2030,2929.41601451234
Low,Estonia,O,2030,140216.7428053204
Low,Estonia,T,2030,182344.215210353
Base,FAB CE,AD,2030,881862.0891739979
Base,FAB CE,I,2030,73804.77271399421
Base,FAB CE,O,2030,2285445.0104167606
Base,FAB CE,T,2030,3241111.87230475
High,FAB CE,AD,2030,971804.0274471196
High,FAB CE,I,2030,81117.41216946988
High,FAB CE,O,2030,2516949.6933606346
High,FAB CE,T,2030,3569871.13297722
Low,FAB CE,AD,2030,789869.3737576738
Low,FAB CE,I,2030,67339.22791484522
Low,FAB CE,O,2030,2076245.798509161
Low,FAB CE,T,2030,2933454.40018168
Base,FABEC,AD,2030,3800013.6457543597
Base,FABEC,I,2030,982365.9676632034
Base,FABEC,O,2030,2100723.123475098
Base,FABEC,T,2030,6883102.73689266
High,FABEC,AD,2030,4117302.8523737174
High,FABEC,I,2030,1040899.0312590176
High,FABEC,O,2030,2315568.0450141397
High,FABEC,T,2030,7473769.92864688
Low,FABEC,AD,2030,3467236.7079209588
Low,FABEC,I,2030,916901.4291430695
Low,FABEC,O,2030,1908560.920850517
Low,FABEC,T,2030,6292699.05791454
Base,Finland,AD,2030,164474.26072827628
Base,Finland,I,2030,37147.7317280589
Base,Finland,O,2030,69183.40733419167
Base,Finland,T,2030,270805.399790527
High,Finland,AD,2030,185153.9579092235
High,Finland,I,2030,42085.2907493472
High,Finland,O,2030,77874.40992287452
High,Finland,T,2030,305113.658581445
Low,Finland,AD,2030,147672.20825916008
Low,Finland,I,2030,33222.5017602085
Low,Finland,O,2030,62483.61936837044
Low,Finland,T,2030,243378.329387739
Base,France,AD,2030,1329213.2742739848
Base,France,I,2030,331664.276834235
Base,France,O,2030,2341108.9738681824
Base,France,T,2030,4001986.5249764
High,France,AD,2030,1449767.442215592
High,France,I,2030,351962.338258821
High,France,O,2030,2568694.985602801
High,France,T,2030,4370424.76607722
Low,France,AD,2030,1208644.3331051345
Low,France,I,2030,309445.024115659
Low,France,O,2030,2119772.736625512
Low,France,T,2030,3637862.09384631
Base,Georgia,AD,2030,97780.70622673452
Base,Georgia,I,2030,559.354244177253
Base,Georgia,O,2030,277027.3599749296
Base,Georgia,T,2030,375367.420445841
High,Georgia,AD,2030,110355.7988828588
High,Georgia,I,2030,683.334393691919
High,Georgia,O,2030,297159.55047546834
High,Georgia,T,2030,408198.683752019
Low,Georgia,AD,2030,87111.99332615222
Low,Georgia,I,2030,456.504372729781
Low,Georgia,O,2030,256762.3392616046
Low,Georgia,T,2030,344330.836960487
Base,Germany,AD,2030,1703422.9973781859
Base,Germany,I,2030,227700.085046215
Base,Germany,O,2030,1503553.880819367
Base,Germany,T,2030,3434676.96324377
High,Germany,AD,2030,1865075.9522310789
High,Germany,I,2030,244016.297183549
High,Germany,O,2030,1626346.9430078233
High,Germany,T,2030,3735439.19242245
Low,Germany,AD,2030,1558031.0573686408
Low,Germany,I,2030,214004.185804359
Low,Germany,O,2030,1375102.9264787438
Low,Germany,T,2030,3147138.16965174
Base,Greece,AD,2030,500836.89607011183
Base,Greece,I,2030,144564.216968147
Base,Greece,O,2030,687604.9739000814
Base,Greece,T,2030,1333006.08693834
High,Greece,AD,2030,563348.6992866959
High,Greece,I,2030,156944.241457542
High,Greece,O,2030,752284.1140057389
High,Greece,T,2030,1472577.05474998
Low,Greece,AD,2030,447205.363197166
Low,Greece,I,2030,133553.41302258
Low,Greece,O,2030,627101.6141502359
Low,Greece,T,2030,1207860.39036998
Base,Hungary,AD,2030,176591.42645576634
Base,Hungary,I,2030,1521.01033511577
Base,Hungary,O,2030,1241767.1679236593
Base,Hungary,T,2030,1419879.60471454
High,Hungary,AD,2030,177192.53007236784
High,Hungary,I,2030,1521.43293406397
High,Hungary,O,2030,1370704.353102376
High,Hungary,T,2030,1549418.31610881
Low,Hungary,AD,2030,160865.79271759518
Low,Hungary,I,2030,1471.34548504882
Low,Hungary,O,2030,1129443.4348081746
Low,Hungary,T,2030,1291780.57301082
Base,Iceland,AD,2030,73411.69657572986
Base,Iceland,I,2030,13094.4915219937
Base,Iceland,O,2030,115810.22496995889
Base,Iceland,T,2030,202316.413067682
High,Iceland,AD,2030,85660.04195376628
High,Iceland,I,2030,14771.5685223926
High,Iceland,O,2030,127044.48720561058
High,Iceland,T,2030,227476.09768177
Low,Iceland,AD,2030,63503.91531199609
Low,Iceland,I,2030,11502.1191067326
Low,Iceland,O,2030,106924.35325681312
Low,Iceland,T,2030,181930.387675542
Base,Ireland,AD,2030,353891.65253651096
Base,Ireland,I,2030,7087.06533377632
Base,Ireland,O,2030,427337.12687613256
Base,Ireland,T,2030,788315.844746419
High,Ireland,AD,2030,388359.7238366277
High,Ireland,I,2030,7682.7190924735
High,Ireland,O,2030,463561.5996894264
High,Ireland,T,2030,859604.042618528
Low,Ireland,AD,2030,323694.37308519456
Low,Ireland,I,2030,6523.49509208799
Low,Ireland,O,2030,396705.3648720019
Low,Ireland,T,2030,726923.233049285
Base,Israel,AD,2030,181924.33811931676
Base,Israel,I,2030,14175.6152628606
Base,Israel,O,2030,27481.35346830565
Base,Israel,T,2030,223581.306850483
High,Israel,AD,2030,206757.30138131496
High,Israel,I,2030,15965.2845765497
High,Israel,O,2030,29077.18311010565
High,Israel,T,2030,251799.76906797
Low,Israel,AD,2030,159894.32937327164
Low,Israel,I,2030,12690.7308908106
Low,Israel,O,2030,25910.170889101584
Low,Israel,T,2030,198495.231153184
Base,Italy,AD,2030,1332164.9583874098
Base,Italy,I,2030,322631.029239758
Base,Italy,O,2030,1007258.1410094367
Base,Italy,T,2030,2662054.1286366
High,Italy,AD,2030,1491542.6491642825
High,Italy,I,2030,364855.86438083
High,Italy,O,2030,1105658.3965961423
High,Italy,T,2030,2962056.91014125
Low,Italy,AD,2030,1190400.585891355
Low,Italy,I,2030,285275.152797971
Low,Italy,O,2030,911287.5963591107
Low,Italy,T,2030,2386963.33504844
Base,Latvia,AD,2030,73394.02022806373
Base,Latvia,I,2030,884.652116292816
Base,Latvia,O,2030,202520.21452401456
Base,Latvia,T,2030,276798.886868371
High,Latvia,AD,2030,85292.09998420648
High,Latvia,I,2030,913.088181310379
High,Latvia,O,2030,223761.5220642661
High,Latvia,T,2030,309966.710229783
Low,Latvia,AD,2030,63752.064608360924
Low,Latvia,I,2030,858.288134837391
Low,Latvia,O,2030,183656.64010374068
Low,Latvia,T,2030,248266.992846939
Base,Lithuania,AD,2030,68406.08635988299
Base,Lithuania,I,2030,2450.97540465124
Base,Lithuania,O,2030,188292.4269942521
Base,Lithuania,T,2030,259149.488758786
High,Lithuania,AD,2030,78020.70129425787
High,Lithuania,I,2030,2524.64154505906
High,Lithuania,O,2030,210947.55024639133
High,Lithuania,T,2030,291492.893085708
Low,Lithuania,AD,2030,60461.56538761936
Low,Lithuania,I,2030,2385.80207226911
Low,Lithuania,O,2030,168773.38440355464
Low,Lithuania,T,2030,231620.751863443
Base,Malta,AD,2030,88466.86002290246
Base,Malta,I,2030,707.169441798425
Base,Malta,O,2030,111513.24085247188
Base,Malta,T,2030,200687.270317173
High,Malta,AD,2030,100942.04799982383
High,Malta,I,2030,742.594336701872
High,Malta,O,2030,122045.83792854554
High,Malta,T,2030,223730.480265071
Low,Malta,AD,2030,77569.26091790265
Low,Malta,I,2030,673.004298035771
Low,Malta,O,2030,101835.78755893612
Low,Malta,T,2030,180078.052774874
Base,Moldova,AD,2030,64364.06794263669
Base,Moldova,I,2030,21.4270720799064
Base,Moldova,O,2030,79.81594679403695
Base,Moldova,T,2030,64465.3109615107
High,Moldova,AD,2030,73834.4322837886
High,Moldova,I,2030,24.0297255127127
High,Moldova,O,2030,85.99245305231406
High,Moldova,T,2030,73944.4544623536
Low,Moldova,AD,2030,56911.75241930665
Low,Moldova,I,2030,19.253282082638
Low,Moldova,O,2030,74.0073132279414
Low,Moldova,T,2030,57005.0130146173
Base,Morocco,AD,2030,278361.7029979073
Base,Morocco,I,2030,37967.5516894181
Base,Morocco,O,2030,359252.6456365192
Base,Morocco,T,2030,675581.900323845
High,Morocco,AD,2030,305482.1919589057
High,Morocco,I,2030,42469.8968265501
High,Morocco,O,2030,399167.4712321193
High,Morocco,T,2030,747119.560017575
Low,Morocco,AD,2030,247903.74960981403
Low,Morocco,I,2030,33672.7120060853
Low,Morocco,O,2030,320767.0199494348
Low,Morocco,T,2030,602343.481565334
Base,NEFAB,AD,2030,448775.5246294707
Base,NEFAB,I,2030,350821.9663721249
Base,NEFAB,O,2030,230019.16062902473
Base,NEFAB,T,2030,1029616.65163062
High,NEFAB,AD,2030,504764.2059343016
High,NEFAB,I,2030,385805.60483737715
High,NEFAB,O,2030,253744.97531407056
High,NEFAB,T,2030,1144314.78608575
Low,NEFAB,AD,2030,401679.3005035469
Low,NEFAB,I,2030,322465.5049516445
Low,NEFAB,O,2030,209686.29864902483
Low,NEFAB,T,2030,933831.104104216
Base,Netherlands,AD,2030,600688.7292281181
Base,Netherlands,I,2030,13296.748196401764
Base,Netherlands,O,2030,709185.0483410261
Base,Netherlands,T,2030,1323170.52576555
High,Netherlands,AD,2030,619200.5386998234
High,Netherlands,I,2030,14217.844646590178
High,Netherlands,O,2030,770048.7858790304
High,Netherlands,T,2030,1403467.16922545
Low,Netherlands,AD,2030,547461.0530912117
Low,Netherlands,I,2030,12407.590628798971
Low,Netherlands,O,2030,655772.7030618326
Low,Netherlands,T,2030,1215641.34678184
Base,North Macedonia,AD,2030,32961.65082750836
Base,North Macedonia,I,2030,13.5604405508304
Base,North Macedonia,O,2030,329317.4815460566
Base,North Macedonia,T,2030,362292.692814116
High,North Macedonia,AD,2030,38704.05577290219
High,North Macedonia,I,2030,18.4159602049683
High,North Macedonia,O,2030,363576.6083156879
High,North Macedonia,T,2030,402299.080048795
Low,North Macedonia,AD,2030,28043.98274004062
Low,North Macedonia,I,2030,9.67183790459787
Low,North Macedonia,O,2030,298464.47245006793
Low,North Macedonia,T,2030,326518.127028013
Base,Norway-Continental,AD,2030,231734.19852418816
Base,Norway-Continental,I,2030,274377.725959106
Base,Norway-Continental,O,2030,94574.88081422893
Base,Norway-Continental,T,2030,600686.805297523
High,Norway-Continental,AD,2030,259902.9359480737
High,Norway-Continental,I,2030,298085.636179043
High,Norway-Continental,O,2030,106159.28893475686
High,Norway-Continental,T,2030,664147.861061873
Low,Norway-Continental,AD,2030,208241.7236324826
Low,Norway-Continental,I,2030,254889.559789308
Low,Norway-Continental,O,2030,85549.55966848115
Low,Norway-Continental,T,2030,548680.843090272
Base,Poland,AD,2030,552890.7409311596
Base,Poland,I,2030,45534.2380511361
Base,Poland,O,2030,355323.8557986376
Base,Poland,T,2030,953748.834780934
High,Poland,AD,2030,619680.3089269287
High,Poland,I,2030,49946.5752975094
High,Poland,O,2030,398089.6439600866
High,Poland,T,2030,1067716.52818452
Low,Poland,AD,2030,495567.82790099987
Low,Poland,I,2030,41716.987420602
Low,Poland,O,2030,318670.004382454
Low,Poland,T,2030,855954.819704056
Base,Portugal,AD,2030,455304.953732495
Base,Portugal,I,2030,70224.1076999173
Base,Portugal,O,2030,445689.714446188
Base,Portugal,T,2030,971218.775878601
High,Portugal,AD,2030,504780.1530176413
High,Portugal,I,2030,77833.3584699898
High,Portugal,O,2030,495251.61950206757
High,Portugal,T,2030,1077865.1309897
Low,Portugal,AD,2030,406582.0528860123
Low,Portugal,I,2030,62871.6304328917
Low,Portugal,O,2030,401511.87339339947
Low,Portugal,T,2030,870965.556712303
Base,Portugal-Continental,AD,2030,463474.67423341394
Base,Portugal-Continental,I,2030,35307.5540726236
Base,Portugal-Continental,O,2030,369353.5877122902
Base,Portugal-Continental,T,2030,868135.816018328
High,Portugal-Continental,AD,2030,514278.7049598308
High,Portugal-Continental,I,2030,37639.4541612568
High,Portugal-Continental,O,2030,411851.3333446254
High,Portugal-Continental,T,2030,963769.492465713
Low,Portugal-Continental,AD,2030,413401.67323703645
Low,Portugal-Continental,I,2030,32391.4532336107
Low,Portugal-Continental,O,2030,331236.338385043
Low,Portugal-Continental,T,2030,777029.46485569
Base,Portugal-SantaMaria,AD,2030,23522.195233230905
Base,Portugal-SantaMaria,I,2030,19070.5957602187
Base,Portugal-SantaMaria,O,2030,192130.85004860922
Base,Portugal-SantaMaria,T,2030,234723.641042059
High,Portugal-SantaMaria,AD,2030,27354.700985395368
High,Portugal-SantaMaria,I,2030,21767.2778449405
High,Portugal-SantaMaria,O,2030,213988.9103557812
High,Portugal-SantaMaria,T,2030,263110.889186117
Low,Portugal-SantaMaria,AD,2030,20193.434848005738
Low,Portugal-SantaMaria,I,2030,16973.649599766
Low,Portugal-SantaMaria,O,2030,174648.93668261412
Low,Portugal-SantaMaria,T,2030,211816.021130386
Base,Romania,AD,2030,230029.07501736426
Base,Romania,I,2030,27904.7872691861
Base,Romania,O,2030,808381.1061954292
Base,Romania,T,2030,1066314.96848198
High,Romania,AD,2030,258700.67659240915
High,Romania,I,2030,30634.0440708244
High,Romania,O,2030,880152.2582231533
High,Romania,T,2030,1169486.97888639
Low,Romania,AD,2030,205631.47701730608
Low,Romania,I,2030,25646.2932040234
Low,Romania,O,2030,742434.7270401616
Low,Romania,T,2030,973712.497261492
Base,SES-RP2,AD,2030,3039245.276804437
Base,SES-RP2,I,2030,7880109.565628346
Base,SES-RP2,O,2030,526526.9915177344
Base,SES-RP2,T,2030,11445881.8339505
High,SES-RP2,AD,2030,3325412.9645665865
High,SES-RP2,I,2030,8607855.848759586
High,SES-RP2,O,2030,587323.4160209828
High,SES-RP2,T,2030,12520592.2293472
Low,SES-RP2,AD,2030,2767592.885534155
Low,SES-RP2,I,2030,7182393.271872097
Low,SES-RP2,O,2030,476215.0297164959
Low,SES-RP2,T,2030,10426201.1871227
Base,SES-RP3,AD,2030,4069621.597730071
Base,SES-RP3,I,2030,6137979.971364185
Base,SES-RP3,O,2030,974009.8196318842
Base,SES-RP3,T,2030,11181611.3887261
High,SES-RP3,AD,2030,4455710.03957322
High,SES-RP3,I,2030,6721955.178569102
High,SES-RP3,O,2030,1059291.6172382066
High,SES-RP3,T,2030,12236956.8353805
Low,SES-RP3,AD,2030,3704296.857575568
Low,SES-RP3,I,2030,5572671.052566754
Low,SES-RP3,O,2030,902164.9433586018
Low,SES-RP3,T,2030,10179132.8535009
Base,Serbia/Montenegro,AD,2030,167958.0997136129
Base,Serbia/Montenegro,I,2030,10793.4972221347
Base,Serbia/Montenegro,O,2030,1064361.581478368
Base,Serbia/Montenegro,T,2030,1243113.17841412
High,Serbia/Montenegro,AD,2030,190329.17923096506
High,Serbia/Montenegro,I,2030,12268.4309888612
High,Serbia/Montenegro,O,2030,1174633.9876270844
High,Serbia/Montenegro,T,2030,1377231.59784691
Low,Serbia/Montenegro,AD,2030,147721.0452149226
Low,Serbia/Montenegro,I,2030,9504.16327457041
Low,Serbia/Montenegro,O,2030,962834.3580180918
Low,Serbia/Montenegro,T,2030,1120059.56650759
Base,Slovakia,AD,2030,39864.03237217712
Base,Slovakia,I,2030,2214.25394592014
Base,Slovakia,O,2030,666449.5892922411
Base,Slovakia,T,2030,708527.875610339
High,Slovakia,AD,2030,44885.74924509779
High,Slovakia,I,2030,2447.3105674878
High,Slovakia,O,2030,739237.774947013
High,Slovakia,T,2030,786570.834759599
Low,Slovakia,AD,2030,35556.898756239956
Low,Slovakia,I,2030,2024.6950704853
Low,Slovakia,O,2030,599651.9761982213
Low,Slovakia,T,2030,637233.570024947
Base,Slovenia,AD,2030,27857.24538757847
Base,Slovenia,I,2030,1461.33304937554
Base,Slovenia,O,2030,665119.0978325886
Base,Slovenia,T,2030,694437.676269543
High,Slovenia,AD,2030,31085.565707356607
High,Slovenia,I,2030,1551.86850842104
High,Slovenia,O,2030,732476.5229543052
High,Slovenia,T,2030,765113.957170083
Low,Slovenia,AD,2030,24774.136736442077
Low,Slovenia,I,2030,1388.62419222248
Low,Slovenia,O,2030,602080.9384996345
Low,Slovenia,T,2030,628243.699428299
Base,South West FAB,AD,2030,2010201.6798611789
Base,South West FAB,I,2030,576072.670681294
Base,South West FAB,O,2030,326329.46241692005
Base,South West FAB,T,2030,2912603.8129594
High,South West FAB,AD,2030,2209358.4644285953
High,South West FAB,I,2030,612053.759619034
High,South West FAB,O,2030,356171.04145594896
High,South West FAB,T,2030,3177583.26550358
Low,South West FAB,AD,2030,1810401.4872974323
Low,South West FAB,I,2030,532622.332141206
Low,South West FAB,O,2030,294548.97742196725
Low,South West FAB,T,2030,2637572.79686061
Base,Spain,AD,2030,1669844.8156851705
Base,Spain,I,2030,485151.862237342
Base,Spain,O,2030,663223.0890046695
Base,Spain,T,2030,2818219.76692718
High,Spain,AD,2030,1826404.1767997644
High,Spain,I,2030,515071.765778976
High,Spain,O,2030,731340.6572434665
High,Spain,T,2030,3072816.5998222
Low,Spain,AD,2030,1510459.5522568354
Low,Spain,I,2030,448865.082033281
Low,Spain,O,2030,594405.9467583485
Low,Spain,T,2030,2553730.58104846
Base,Spain-Canaries,AD,2030,301468.1651523473
Base,Spain-Canaries,I,2030,96116.6930411434
Base,Spain-Canaries,O,2030,74791.67442607794
Base,Spain-Canaries,T,2030,472376.532619568
High,Spain-Canaries,AD,2030,335693.8391395393
High,Spain-Canaries,I,2030,105852.575775672
High,Spain-Canaries,O,2030,83406.96467548213
High,Spain-Canaries,T,2030,524953.379590694
Low,Spain-Canaries,AD,2030,266816.3228306219
Low,Spain-Canaries,I,2030,85565.0091343837
Low,Spain-Canaries,O,2030,67898.45890903665
Low,Spain-Canaries,T,2030,420279.790874043
Base,Spain-Continental,AD,2030,1545245.8689522645
Base,Spain-Continental,I,2030,294654.399412836
Base,Spain-Continental,O,2030,813490.9917417539
Base,Spain-Continental,T,2030,2653391.26010685
High,Spain-Continental,AD,2030,1687487.4046607667
High,Spain-Continental,I,2030,304510.466298231
High,Spain-Continental,O,2030,899206.8337686944
High,Spain-Continental,T,2030,2891204.70472769
Low,Spain-Continental,AD,2030,1400926.4140000492
Low,Spain-Continental,I,2030,279293.908328327
Low,Spain-Continental,O,2030,726577.4327478496
Low,Spain-Continental,T,2030,2406797.75507623
Base,Sweden,AD,2030,252546.40529540036
Base,Sweden,I,2030,85432.3972563381
Base,Sweden,O,2030,405255.3474317682
Base,Sweden,T,2030,743234.149983507
High,Sweden,AD,2030,281615.5221819677
High,Sweden,I,2030,96847.6285226626
High,Sweden,O,2030,450155.74638097256
High,Sweden,T,2030,828618.897085603
Low,Sweden,AD,2030,226616.64588442844
Low,Sweden,I,2030,76170.2468778187
Low,Sweden,O,2030,367280.32715229143
Low,Sweden,T,2030,670067.219914539
Base,Switzerland,AD,2030,493609.953641452
Base,Switzerland,I,2030,16590.1114021971
Base,Switzerland,O,2030,796686.8894860324
Base,Switzerland,T,2030,1306886.95452968
High,Switzerland,AD,2030,514056.17451403826
High,Switzerland,I,2030,16949.3887868353
High,Switzerland,O,2030,878124.5324049667
High,Switzerland,T,2030,1409130.09570584
Low,Switzerland,AD,2030,463628.556041885
Low,Switzerland,I,2030,15943.5448346602
Low,Switzerland,O,2030,719416.8779273671
Low,Switzerland,T,2030,1198988.97880391
Base,Türkiye,AD,2030,1068186.0180186543
Base,Türkiye,I,2030,407560.970697356
Base,Türkiye,O,2030,754636.8847057488
Base,Türkiye,T,2030,2230383.87342176
High,Türkiye,AD,2030,1187083.3087995993
High,Türkiye,I,2030,444482.561166309
High,Türkiye,O,2030,811199.0427261397
High,Türkiye,T,2030,2442764.91269205
Low,Türkiye,AD,2030,968606.1295299595
Low,Türkiye,I,2030,367345.269242255
Low,Türkiye,O,2030,697984.007142059
Low,Türkiye,T,2030,2033935.40591427
Base,UK-Continental,AD,2030,1910385.139516786
Base,UK-Continental,I,2030,263754.423837331
Base,UK-Continental,O,2030,563918.4551335359
Base,UK-Continental,T,2030,2738058.01848765
High,UK-Continental,AD,2030,2056836.9489908789
High,UK-Continental,I,2030,283680.901176861
High,UK-Continental,O,2030,619602.6977546113
High,UK-Continental,T,2030,2960120.54792235
Low,UK-Continental,AD,2030,1776652.5565942894
Low,UK-Continental,I,2030,245622.56063625
Low,UK-Continental,O,2030,513320.75999234425
Low,UK-Continental,T,2030,2535595.87722288
Base,UK-Ireland FAB,AD,2030,2010800.8597649233
Base,UK-Ireland FAB,I,2030,397579.988793691
Base,UK-Ireland FAB,O,2030,394733.79031484603
Base,UK-Ireland FAB,T,2030,2803114.63887346
High,UK-Ireland FAB,AD,2030,2173444.7346953484
High,UK-Ireland FAB,I,2030,427240.205559588
High,UK-Ireland FAB,O,2030,433153.31366940396
High,UK-Ireland FAB,T,2030,3033838.25392434
Low,UK-Ireland FAB,AD,2030,1861882.7084691336
Low,UK-Ireland FAB,I,2030,371378.617087848
Low,UK-Ireland FAB,O,2030,360184.0715492236
Low,UK-Ireland FAB,T,2030,2593445.3971062
Base,Ukraine,AD,2030,65.55305655464173
Base,Ukraine,O,2030,1062.347731792699
Base,Ukraine,T,2030,1127.90078834734
High,Ukraine,AD,2030,71.09716190073927
High,Ukraine,O,2030,1128.906041758862
High,Ukraine,T,2030,1200.0032036596
Low,Ukraine,AD,2030,60.98053552431441
Low,Ukraine,O,2030,1001.1466331260443
Low,Ukraine,T,2030,1062.12716865036
Base,NM Area,AD,2031,2461269.6234414447
Base,NM Area,I,2031,10031714.564272908
Base,NM Area,O,2031,178345.6591168797
Base,NM Area,T,2031,12671329.8468312
High,NM Area,AD,2031,2712365.4162493534
High,NM Area,I,2031,11189943.463895885
High,NM Area,O,2031,194765.4576049278
High,NM Area,T,2031,14097074.3377502
Low,NM Area,AD,2031,2231411.720393544
Low,NM Area,I,2031,8945239.358885232
Low,NM Area,O,2031,165144.92498898806
Low,NM Area,T,2031,11341796.0042678
Base,Albania,AD,2031,105835.97217542438
Base,Albania,I,2031,25.4048190109613
Base,Albania,O,2031,403918.01699815324
Base,Albania,T,2031,509779.393992589
High,Albania,AD,2031,113861.19895627916
High,Albania,I,2031,22.7036223240878
High,Albania,O,2031,453637.9886501031
High,Albania,T,2031,567521.891228707
Low,Albania,AD,2031,87193.21035093261
Low,Albania,I,2031,24.3963079055403
Low,Albania,O,2031,359696.5328217276
Low,Albania,T,2031,446914.139480565
Base,Armenia,AD,2031,52287.58076336593
Base,Armenia,I,2031,26.9978677813863
Base,Armenia,O,2031,137475.6596421834
Base,Armenia,T,2031,189790.238273331
High,Armenia,AD,2031,59757.98293036007
High,Armenia,I,2031,28.9908864348137
High,Armenia,O,2031,149728.41311220572
High,Armenia,T,2031,209515.386929
Low,Armenia,AD,2031,45750.90764696508
Low,Armenia,I,2031,24.9318071450905
Low,Armenia,O,2031,125600.54329340906
Low,Armenia,T,2031,171376.382747519
Base,Austria,AD,2031,342870.4349746413
Base,Austria,I,2031,10372.8686589662
Base,Austria,O,2031,1595416.1177292767
Base,Austria,T,2031,1948659.42136288
High,Austria,AD,2031,386048.3207715351
High,Austria,I,2031,11612.7156209873
High,Austria,O,2031,1773671.7526810728
High,Austria,T,2031,2171332.7890736
Low,Austria,AD,2031,306719.97718004754
Low,Austria,I,2031,9843.70939867491
Low,Austria,O,2031,1426554.6880167853
Low,Austria,T,2031,1743118.37459551
Base,Azerbaijan,AD,2031,94208.07397481227
Base,Azerbaijan,I,2031,10365.8668226939
Base,Azerbaijan,O,2031,331968.8886659779
Base,Azerbaijan,T,2031,436542.829463485
High,Azerbaijan,AD,2031,109485.14062612213
High,Azerbaijan,I,2031,12258.0143790833
High,Azerbaijan,O,2031,351826.9801965327
High,Azerbaijan,T,2031,473570.135201738
Low,Azerbaijan,AD,2031,80834.14062631807
Low,Azerbaijan,I,2031,8738.08157879523
Low,Azerbaijan,O,2031,309506.7673654203
Low,Azerbaijan,T,2031,399078.989570533
Base,BLUE MED FAB,AD,2031,1901632.7948802528
Base,BLUE MED FAB,I,2031,568041.285363286
Base,BLUE MED FAB,O,2031,1345877.2651091488
Base,BLUE MED FAB,T,2031,3815551.34535269
High,BLUE MED FAB,AD,2031,2177321.165633028
High,BLUE MED FAB,I,2031,654843.559292582
High,BLUE MED FAB,O,2031,1497717.3574310238
High,BLUE MED FAB,T,2031,4329882.08235664
Low,BLUE MED FAB,AD,2031,1661312.863087012
Low,BLUE MED FAB,I,2031,495732.98446588
Low,BLUE MED FAB,O,2031,1198702.2649933803
Low,BLUE MED FAB,T,2031,3355748.11254627
Base,Baltic FAB,AD,2031,623068.7277338194
Base,Baltic FAB,I,2031,54146.8775018411
Base,Baltic FAB,O,2031,379192.213350828
Base,Baltic FAB,T,2031,1056407.81858649
High,Baltic FAB,AD,2031,718160.1773047044
High,Baltic FAB,I,2031,60592.2920979424
High,Baltic FAB,O,2031,433954.98102359194
High,Baltic FAB,T,2031,1212707.45042624
Low,Baltic FAB,AD,2031,546175.669684284
Low,Baltic FAB,I,2031,48782.105898713
Low,Baltic FAB,O,2031,334331.01057032257
Low,Baltic FAB,T,2031,929288.78615332
Base,Belgium/Luxembourg,AD,2031,446074.74130371073
Base,Belgium/Luxembourg,I,2031,6117.85555354789
Base,Belgium/Luxembourg,O,2031,963704.2623257427
Base,Belgium/Luxembourg,T,2031,1415896.859183
High,Belgium/Luxembourg,AD,2031,483419.34385272046
High,Belgium/Luxembourg,I,2031,6381.17268163916
High,Belgium/Luxembourg,O,2031,1054811.1078391478
High,Belgium/Luxembourg,T,2031,1544611.62437351
Low,Belgium/Luxembourg,AD,2031,400183.5851278339
Low,Belgium/Luxembourg,I,2031,5821.43955094139
Low,Belgium/Luxembourg,O,2031,871211.1634656064
Low,Belgium/Luxembourg,T,2031,1277216.18814438
Base,Bosnia and Herzegovina,AD,2031,34471.18658889515
Base,Bosnia and Herzegovina,I,2031,153.111087446902
Base,Bosnia and Herzegovina,O,2031,696292.4642681251
Base,Bosnia and Herzegovina,T,2031,730916.761944467
High,Bosnia and Herzegovina,AD,2031,40622.124451232965
High,Bosnia and Herzegovina,I,2031,184.940938413259
High,Bosnia and Herzegovina,O,2031,787605.6464703149
High,Bosnia and Herzegovina,T,2031,828412.711859961
Low,Bosnia and Herzegovina,AD,2031,29313.251747879265
Low,Bosnia and Herzegovina,I,2031,120.944569811458
Low,Bosnia and Herzegovina,O,2031,613732.088903504
Low,Bosnia and Herzegovina,T,2031,643166.285221195
Base,Bulgaria,AD,2031,106716.76156380003
Base,Bulgaria,I,2031,4529.78735248491
Base,Bulgaria,O,2031,1238945.701362803
Base,Bulgaria,T,2031,1350192.25027909
High,Bulgaria,AD,2031,126582.88767291042
High,Bulgaria,I,2031,5304.31754887183
High,Bulgaria,O,2031,1381321.2441855075
High,Bulgaria,T,2031,1513208.44940729
Low,Bulgaria,AD,2031,91552.2790079704
Low,Bulgaria,I,2031,3980.55070799108
Low,Bulgaria,O,2031,1113527.2178815121
Low,Bulgaria,T,2031,1209060.04759747
Base,Croatia,AD,2031,151542.52339858064
Base,Croatia,I,2031,12659.4705497359
Base,Croatia,O,2031,1067571.3825533658
Base,Croatia,T,2031,1231773.37650168
High,Croatia,AD,2031,178705.7095814045
High,Croatia,I,2031,15003.733597452
High,Croatia,O,2031,1199686.7444658065
High,Croatia,T,2031,1393396.18764466
Low,Croatia,AD,2031,129972.6522926568
Low,Croatia,I,2031,10814.2271226829
Low,Croatia,O,2031,943449.5956719265
Low,Croatia,T,2031,1084236.47508727
Base,Cyprus,AD,2031,129241.10812430964
Base,Cyprus,I,2031,1967.27449024997
Base,Cyprus,O,2031,432509.23368413345
Base,Cyprus,T,2031,563717.616298693
High,Cyprus,AD,2031,153240.71407957457
High,Cyprus,I,2031,1987.61751724501
High,Cyprus,O,2031,486247.108218873
High,Cyprus,T,2031,641475.439815692
Low,Cyprus,AD,2031,110752.15832200291
Low,Cyprus,I,2031,1951.63873646933
Low,Cyprus,O,2031,384941.405040597
Low,Cyprus,T,2031,497645.202099069
Base,Czech Republic,AD,2031,199803.90409802293
Base,Czech Republic,I,2031,7287.37599366205
Base,Czech Republic,O,2031,789574.4163295078
Base,Czech Republic,T,2031,996665.696421193
High,Czech Republic,AD,2031,226680.4218419135
High,Czech Republic,I,2031,7865.42226314226
High,Czech Republic,O,2031,878454.6165085185
High,Czech Republic,T,2031,1113000.46061357
Low,Czech Republic,AD,2031,170937.34997359986
Low,Czech Republic,I,2031,6704.32386237529
Low,Czech Republic,O,2031,709518.5375064258
Low,Czech Republic,T,2031,887160.211342401
Base,DK-SE FAB,AD,2031,532551.4206989101
Base,DK-SE FAB,I,2031,139469.66551772458
Base,DK-SE FAB,O,2031,355869.84957248933
Base,DK-SE FAB,T,2031,1027890.93578912
High,DK-SE FAB,AD,2031,601297.7668579688
High,DK-SE FAB,I,2031,159385.5352775585
High,DK-SE FAB,O,2031,403148.88802262786
High,DK-SE FAB,T,2031,1163832.19015816
Low,DK-SE FAB,AD,2031,473720.1561648247
Low,DK-SE FAB,I,2031,123867.5893784474
Low,DK-SE FAB,O,2031,315735.7386075457
Low,DK-SE FAB,T,2031,913323.484150817
Base,Danube FAB,AD,2031,340140.06923571305
Base,Danube FAB,I,2031,34771.7194457058
Base,Danube FAB,O,2031,1200424.767968937
Base,Danube FAB,T,2031,1575336.55665036
High,Danube FAB,AD,2031,395885.71258784976
High,Danube FAB,I,2031,39314.0000871175
High,Danube FAB,O,2031,1338023.793037106
High,Danube FAB,T,2031,1773223.50571207
Low,Danube FAB,AD,2031,295496.71795840596
Low,Danube FAB,I,2031,31225.9485607716
Low,Danube FAB,O,2031,1079118.469837086
Low,Danube FAB,T,2031,1405841.13635626
Base,Denmark,AD,2031,320679.73968437203
Base,Denmark,I,2031,29031.2929946611
Base,Denmark,O,2031,310307.9535388477
Base,Denmark,T,2031,660018.98621788
High,Denmark,AD,2031,360767.99143656564
High,Denmark,I,2031,31332.9829669741
High,Denmark,O,2031,344010.60630064935
High,Denmark,T,2031,736111.580704189
Low,Denmark,AD,2031,287598.389447668
Low,Denmark,I,2031,26984.7388930956
Low,Denmark,O,2031,278137.15728824347
Low,Denmark,T,2031,592720.285629007
Base,ECAC,AD,2031,2785624.707617573
Base,ECAC,I,2031,9526329.947271314
Base,ECAC,O,2031,267895.9552845038
Base,ECAC,T,2031,12579850.6101734
High,ECAC,AD,2031,3072734.6352615636
High,ECAC,I,2031,10621252.633773727
High,ECAC,O,2031,297268.3101983989
High,ECAC,T,2031,13991255.5792337
Low,ECAC,AD,2031,2513518.2977911322
Low,ECAC,I,2031,8504858.910121331
Low,ECAC,O,2031,244461.19553228214
Low,ECAC,T,2031,11262838.4034447
Base,ESRA08,AD,2031,2950917.6641504182
Base,ESRA08,I,2031,9115040.365574047
Base,ESRA08,O,2031,244396.62783687998
Base,ESRA08,T,2031,12310354.6575613
High,ESRA08,AD,2031,3269651.89793783
High,ESRA08,I,2031,10138702.466958456
High,ESRA08,O,2031,276141.24091669935
High,ESRA08,T,2031,13684495.605813
Low,ESRA08,AD,2031,2652787.5901922076
Low,ESRA08,I,2031,8150555.342947992
Low,ESRA08,O,2031,218790.23884978524
Low,ESRA08,T,2031,11022133.17199
Base,EU27,AD,2031,4429918.286218746
Base,EU27,I,2031,5431389.56454158
Base,EU27,O,2031,1215806.3688159857
Base,EU27,T,2031,11077114.2195763
High,EU27,AD,2031,4925052.375733563
High,EU27,I,2031,6060752.339563847
High,EU27,O,2031,1334321.8482989885
High,EU27,T,2031,12320126.5635964
Low,EU27,AD,2031,3957460.096638294
Low,EU27,I,2031,4831510.589041711
Low,EU27,O,2031,1113082.1219010279
Low,EU27,T,2031,9902052.80758104
Base,Estonia,AD,2031,44448.72216002804
Base,Estonia,I,2031,3362.91556426305
Base,Estonia,O,2031,156856.28309715996
Base,Estonia,T,2031,204667.920821451
High,Estonia,AD,2031,52640.25971409389
High,Estonia,I,2031,3671.73425236017
High,Estonia,O,2031,176005.46814271764
High,Estonia,T,2031,232317.462109172
Low,Estonia,AD,2031,39039.11648831642
Low,Estonia,I,2031,2866.11436711668
Low,Estonia,O,2031,140632.73125812714
Low,Estonia,T,2031,182537.96211356
Base,FAB CE,AD,2031,896526.5036154286
Base,FAB CE,I,2031,74966.38151667462
Base,FAB CE,O,2031,2329362.367318778
Base,FAB CE,T,2031,3300855.25245089
High,FAB CE,AD,2031,1002787.8352440605
High,FAB CE,I,2031,83553.84070843524
High,FAB CE,O,2031,2615282.5009618523
High,FAB CE,T,2031,3701624.17691435
Low,FAB CE,AD,2031,790057.0971953353
Low,FAB CE,I,2031,67565.61771012798
Low,FAB CE,O,2031,2074975.061115199
Low,FAB CE,T,2031,2932597.77602066
Base,FABEC,AD,2031,3851246.081419661
Base,FABEC,I,2031,984698.5990781963
Base,FABEC,O,2031,2136558.9008217603
Base,FABEC,T,2031,6972503.58131962
High,FABEC,AD,2031,4227779.371913452
High,FABEC,I,2031,1052767.9500977276
High,FABEC,O,2031,2394693.0711018145
High,FABEC,T,2031,7675240.39311299
Low,FABEC,AD,2031,3454206.12576648
Low,FABEC,I,2031,907385.0801196885
Low,FABEC,O,2031,1906575.296701419
Low,FABEC,T,2031,6268166.50258758
Base,Finland,AD,2031,166363.6844189691
Base,Finland,I,2031,37314.0497810712
Base,Finland,O,2031,70864.37714156881
Base,Finland,T,2031,274542.111341609
High,Finland,AD,2031,191871.40160859874
High,Finland,I,2031,43380.9367011929
High,Finland,O,2031,81716.54598755449
High,Finland,T,2031,316968.884297346
Low,Finland,AD,2031,146314.67029034757
Low,Finland,I,2031,32693.146050003
Low,Finland,O,2031,62797.64444917004
Low,Finland,T,2031,241805.460789521
Base,France,AD,2031,1347766.0319383375
Base,France,I,2031,332300.049568762
Base,France,O,2031,2379092.1553437607
Base,France,T,2031,4059158.23685086
High,France,AD,2031,1490360.967781431
High,France,I,2031,356033.510028095
High,France,O,2031,2646284.7695334195
High,France,T,2031,4492679.24734295
Low,France,AD,2031,1203391.7523465154
Low,France,I,2031,305976.138001642
Low,France,O,2031,2114854.050937103
Low,France,T,2031,3624221.94128526
Base,Georgia,AD,2031,102289.93518065709
Base,Georgia,I,2031,610.44901913654
Base,Georgia,O,2031,284707.4189804164
Base,Georgia,T,2031,387607.80318021
High,Georgia,AD,2031,118497.7251983502
High,Georgia,I,2031,774.500112064062
High,Georgia,O,2031,309725.04374590685
High,Georgia,T,2031,428997.269056321
Low,Georgia,AD,2031,89100.45619611158
Low,Georgia,I,2031,482.234629630663
Low,Georgia,O,2031,259959.2112917707
Low,Georgia,T,2031,349541.902117513
Base,Germany,AD,2031,1718656.0462926577
Base,Germany,I,2031,227991.861879745
Base,Germany,O,2031,1528064.9551931857
Base,Germany,T,2031,3474712.86336559
High,Germany,AD,2031,1915679.0903988457
High,Germany,I,2031,247827.382940052
High,Germany,O,2031,1674778.210030286
High,Germany,T,2031,3838284.68336918
Low,Germany,AD,2031,1546158.6671434313
Low,Germany,I,2031,211833.613913104
Low,Germany,O,2031,1374717.371741733
Low,Germany,T,2031,3132709.65279827
Base,Greece,AD,2031,511872.1250007486
Base,Greece,I,2031,145149.399393038
Base,Greece,O,2031,701939.8146870957
Base,Greece,T,2031,1358961.33908088
High,Greece,AD,2031,589826.6887425109
High,Greece,I,2031,160769.750005399
High,Greece,O,2031,780908.6413539866
High,Greece,T,2031,1531505.0801019
Low,Greece,AD,2031,446732.1934332885
Low,Greece,I,2031,131701.655290899
Low,Greece,O,2031,628656.1079970633
Low,Greece,T,2031,1207089.95672125
Base,Hungary,AD,2031,176726.4051231478
Base,Hungary,I,2031,1516.0928728292
Base,Hungary,O,2031,1269195.5887424864
Base,Hungary,T,2031,1447438.08673846
High,Hungary,AD,2031,177448.84003012115
High,Hungary,I,2031,1520.49365376731
High,Hungary,O,2031,1429865.7863196079
High,Hungary,T,2031,1608835.1200035
Low,Hungary,AD,2031,162683.62483004434
Low,Hungary,I,2031,1478.0795556742
Low,Hungary,O,2031,1132224.7414369066
Low,Hungary,T,2031,1296386.44582263
Base,Iceland,AD,2031,74988.37640607085
Base,Iceland,I,2031,13134.6839838818
Base,Iceland,O,2031,118795.56621455082
Base,Iceland,T,2031,206918.626604504
High,Iceland,AD,2031,90250.0058212432
High,Iceland,I,2031,15123.0266195424
High,Iceland,O,2031,133332.40321732213
High,Iceland,T,2031,238705.435658108
Low,Iceland,AD,2031,63131.0083243665
Low,Iceland,I,2031,11280.1851419863
Low,Iceland,O,2031,107795.4816174884
Low,Iceland,T,2031,182206.675083841
Base,Ireland,AD,2031,358762.3380804585
Base,Ireland,I,2031,7248.31265404326
Base,Ireland,O,2031,435587.23652386555
Base,Ireland,T,2031,801597.887258367
High,Ireland,AD,2031,401401.5537566185
High,Ireland,I,2031,7986.39339282947
High,Ireland,O,2031,481229.53016867157
High,Ireland,T,2031,890617.477318119
Low,Ireland,AD,2031,323494.5521307847
Low,Ireland,I,2031,6603.5306082017
Low,Ireland,O,2031,397983.7780785678
Low,Ireland,T,2031,728081.860817555
Base,Israel,AD,2031,187814.71430036053
Base,Israel,I,2031,14736.6780556696
Base,Israel,O,2031,27862.333851099487
Base,Israel,T,2031,230413.72620713
High,Israel,AD,2031,218576.03309736843
High,Israel,I,2031,17030.3113928888
High,Israel,O,2031,29768.11705745226
High,Israel,T,2031,265374.46154771
Low,Israel,AD,2031,161263.30918252326
Low,Israel,I,2031,12893.9960657305
Low,Israel,O,2031,25993.528954629823
Low,Israel,T,2031,200150.834202884
Base,Italy,AD,2031,1355510.1146895394
Base,Italy,I,2031,327095.214025372
Base,Italy,O,2031,1026377.4419226707
Base,Italy,T,2031,2708982.77063758
High,Italy,AD,2031,1548566.678117125
High,Italy,I,2031,380666.785613729
High,Italy,O,2031,1144584.2961905864
High,Italy,T,2031,3073817.75992144
Low,Italy,AD,2031,1184627.054750208
Low,Italy,I,2031,281984.814446492
Low,Italy,O,2031,911037.5329265175
Low,Italy,T,2031,2377649.40212322
Base,Latvia,AD,2031,72797.1755552349
Base,Latvia,I,2031,884.433200081392
Base,Latvia,O,2031,206530.89289720092
Base,Latvia,T,2031,280212.501652517
High,Latvia,AD,2031,87177.6101300105
High,Latvia,I,2031,914.820400288466
High,Latvia,O,2031,232539.57331636996
High,Latvia,T,2031,320632.003846669
Low,Latvia,AD,2031,63617.4992001952
Low,Latvia,I,2031,856.429655570093
Low,Latvia,O,2031,184291.5921613093
Low,Latvia,T,2031,248765.521017074
Base,Lithuania,AD,2031,68905.05389808996
Base,Lithuania,I,2031,2461.78318939702
Base,Lithuania,O,2031,192388.02130568196
Base,Lithuania,T,2031,263754.858393169
High,Lithuania,AD,2031,80726.99804254928
High,Lithuania,I,2031,2549.10367347148
High,Lithuania,O,2031,220422.47026514984
High,Lithuania,T,2031,303698.571981171
Low,Lithuania,AD,2031,60581.20211835566
Low,Lithuania,I,2031,2388.19416196514
Low,Lithuania,O,2031,169112.60499369563
Low,Lithuania,T,2031,232082.001274016
Base,Malta,AD,2031,90939.97604329481
Base,Malta,I,2031,720.785801898197
Base,Malta,O,2031,114338.68414413481
Base,Malta,T,2031,205999.445989328
High,Malta,AD,2031,106708.05163792009
High,Malta,I,2031,760.877854197838
High,Malta,O,2031,127197.48999255364
High,Malta,T,2031,234666.419484672
Low,Malta,AD,2031,77750.5603262221
Low,Malta,I,2031,681.964847648181
Low,Malta,O,2031,102583.16141853595
Low,Malta,T,2031,181015.686592406
Base,Moldova,AD,2031,66882.53974851001
Base,Moldova,I,2031,21.510080831824
Base,Moldova,O,2031,81.3948118216515
Base,Moldova,T,2031,66985.4446411634
High,Moldova,AD,2031,79232.79217740335
High,Moldova,I,2031,24.221554372921
High,Moldova,O,2031,89.01397744205484
High,Moldova,T,2031,79346.0277092184
Low,Moldova,AD,2031,57639.008522790864
Low,Moldova,I,2031,19.2156659375675
Low,Moldova,O,2031,74.52090778904491
Low,Moldova,T,2031,57732.7450965175
Base,Morocco,AD,2031,286394.8606867912
Base,Morocco,I,2031,36577.1463950219
Base,Morocco,O,2031,364247.3591146167
Base,Morocco,T,2031,687219.36619643
High,Morocco,AD,2031,318565.87873225287
High,Morocco,I,2031,42000.2002232469
High,Morocco,O,2031,410398.3677694634
High,Morocco,T,2031,770964.446724964
Low,Morocco,AD,2031,248855.04505440596
Low,Morocco,I,2031,31544.8993021341
Low,Morocco,O,2031,317962.8715641352
Low,Morocco,T,2031,598362.815920675
Base,NEFAB,AD,2031,454218.5323517725
Base,NEFAB,I,2031,352055.11765732
Base,NEFAB,O,2031,236018.1851396031
Base,NEFAB,T,2031,1042291.8351487
High,NEFAB,AD,2031,523114.23781039956
High,NEFAB,I,2031,396172.1882039073
High,NEFAB,O,2031,265646.53353281645
High,NEFAB,T,2031,1184932.95954712
Low,NEFAB,AD,2031,399154.5000539524
Low,NEFAB,I,2031,318788.263142541
Low,NEFAB,O,2031,211530.44667218602
Low,NEFAB,T,2031,929473.20986868
Base,Netherlands,AD,2031,606927.2821477322
Base,Netherlands,I,2031,13194.047133999164
Base,Netherlands,O,2031,718252.4775034235
Base,Netherlands,T,2031,1338373.80678516
High,Netherlands,AD,2031,627028.9998151711
High,Netherlands,I,2031,14308.304083453577
High,Netherlands,O,2031,791789.4407397772
High,Netherlands,T,2031,1433126.7446384
Low,Netherlands,AD,2031,547239.4544553555
Low,Netherlands,I,2031,12148.574325047572
Low,Netherlands,O,2031,654558.4222605698
Low,Netherlands,T,2031,1213946.45104097
Base,North Macedonia,AD,2031,34349.52972240423
Base,North Macedonia,I,2031,13.6068938433842
Base,North Macedonia,O,2031,335697.9721592406
Base,North Macedonia,T,2031,370061.108775488
High,North Macedonia,AD,2031,41891.95701039095
High,North Macedonia,I,2031,18.8906263145478
High,North Macedonia,O,2031,377946.83402449335
High,North Macedonia,T,2031,419857.681661199
Low,North Macedonia,AD,2031,28240.917160552726
Low,North Macedonia,I,2031,9.30862537896046
Low,North Macedonia,O,2031,298189.4795507632
Low,North Macedonia,T,2031,326439.705336695
Base,Norway-Continental,AD,2031,234682.7670537289
Base,Norway-Continental,I,2031,276274.564614394
Base,Norway-Continental,O,2031,97004.9519414281
Base,Norway-Continental,T,2031,607962.283609551
High,Norway-Continental,AD,2031,269444.7902897034
High,Norway-Continental,I,2031,306730.941438368
High,Norway-Continental,O,2031,111833.182490679
High,Norway-Continental,T,2031,688008.91421875
Low,Norway-Continental,AD,2031,206645.83615188272
Low,Norway-Continental,I,2031,252177.053252391
Low,Norway-Continental,O,2031,85964.36355606907
Low,Norway-Continental,T,2031,544787.252960343
Base,Poland,AD,2031,565406.7576302739
Base,Poland,I,2031,46063.5524151724
Base,Poland,O,2031,363358.8266178473
Base,Poland,T,2031,974829.136663293
High,Poland,AD,2031,650278.6297696058
High,Poland,I,2031,51620.4631707454
High,Poland,O,2031,416710.8287872555
High,Poland,T,2031,1118609.92172761
Low,Poland,AD,2031,495531.0323377762
Low,Poland,I,2031,41425.6293508243
Low,Poland,O,2031,319400.9267360792
Low,Poland,T,2031,856357.58842468
Base,Portugal,AD,2031,464664.54506043735
Base,Portugal,I,2031,71182.000726811
Base,Portugal,O,2031,454450.4249721496
Base,Portugal,T,2031,990296.970759398
High,Portugal,AD,2031,517094.93869294086
High,Portugal,I,2031,79307.3786224959
High,Portugal,O,2031,513479.1448538784
High,Portugal,T,2031,1109881.46216931
Low,Portugal,AD,2031,405596.0109460842
Low,Portugal,I,2031,62286.0892260099
Low,Portugal,O,2031,400711.2452426374
Low,Portugal,T,2031,868593.345414731
Base,Portugal-Continental,AD,2031,473167.5221879554
Base,Portugal-Continental,I,2031,35808.0373725587
Base,Portugal-Continental,O,2031,375810.5850554346
Base,Portugal-Continental,T,2031,884786.144615949
High,Portugal-Continental,AD,2031,526805.3119616853
High,Portugal-Continental,I,2031,37834.4792083456
High,Portugal-Continental,O,2031,425895.92061243247
High,Portugal-Continental,T,2031,990535.711782463
Low,Portugal-Continental,AD,2031,412430.30846168334
Low,Portugal-Continental,I,2031,32255.2084870105
Low,Portugal-Continental,O,2031,329568.4181560261
Low,Portugal-Continental,T,2031,774253.93510472
Base,Portugal-SantaMaria,AD,2031,24176.958927838597
Base,Portugal-SantaMaria,I,2031,19033.995326574
Base,Portugal-SantaMaria,O,2031,197525.7463337488
Base,Portugal-SantaMaria,T,2031,240736.700588161
High,Portugal-SantaMaria,AD,2031,28475.85276651537
High,Portugal-SantaMaria,I,2031,22379.7863965204
High,Portugal-SantaMaria,O,2031,223474.40215100476
High,Portugal-SantaMaria,T,2031,274330.041314041
Low,Portugal-SantaMaria,AD,2031,20163.751018609473
Low,Portugal-SantaMaria,I,2031,16531.8564718951
Low,Portugal-SantaMaria,O,2031,175876.41605087885
Low,Portugal-SantaMaria,T,2031,212572.023541384
Base,Romania,AD,2031,236639.07991860266
Base,Romania,I,2031,28634.0459698764
Base,Romania,O,2031,826915.0972294734
Base,Romania,T,2031,1092188.22311795
High,Romania,AD,2031,272973.9756111885
High,Romania,I,2031,32174.1071901213
High,Romania,O,2031,917022.7164769513
High,Romania,T,2031,1222170.79927826
Low,Romania,AD,2031,206792.6991676252
Low,Romania,I,2031,25821.2677441855
Low,Romania,O,2031,747164.5067493247
Low,Romania,T,2031,979778.473661135
Base,SES-RP2,AD,2031,3107213.384272285
Base,SES-RP2,I,2031,7959626.040246722
Base,SES-RP2,O,2031,544944.2867837551
Base,SES-RP2,T,2031,11611783.7113028
High,SES-RP2,AD,2031,3451074.1596055604
High,SES-RP2,I,2031,8832929.492114812
High,SES-RP2,O,2031,622128.0534828024
High,SES-RP2,T,2031,12906131.7052032
Low,SES-RP2,AD,2031,2777011.615845785
Low,SES-RP2,I,2031,7133482.433021777
Low,SES-RP2,O,2031,482921.06740887737
Low,SES-RP2,T,2031,10393415.1162764
Base,SES-RP3,AD,2031,4147644.1022654986
Base,SES-RP3,I,2031,6203526.204458867
Base,SES-RP3,O,2031,997450.480353423
Base,SES-RP3,T,2031,11348620.7870778
High,SES-RP3,AD,2031,4612027.178551936
High,SES-RP3,I,2031,6903007.440456024
High,SES-RP3,O,2031,1104548.8710762288
High,SES-RP3,T,2031,12619583.4900842
Low,SES-RP3,AD,2031,3707104.8197838003
Low,SES-RP3,I,2031,5533666.480939625
Low,SES-RP3,O,2031,909516.9860697036
Low,SES-RP3,T,2031,10150288.2867931
Base,Serbia/Montenegro,AD,2031,171996.09431594439
Base,Serbia/Montenegro,I,2031,10840.0351023869
Base,Serbia/Montenegro,O,2031,1085542.4735062716
Base,Serbia/Montenegro,T,2031,1268378.6029246
High,Serbia/Montenegro,AD,2031,200187.98859349152
High,Serbia/Montenegro,I,2031,12944.6605940532
High,Serbia/Montenegro,O,2031,1217902.2279637507
High,Serbia/Montenegro,T,2031,1431034.8771513
Low,Serbia/Montenegro,AD,2031,147390.68907484852
Low,Serbia/Montenegro,I,2031,9300.17435091614
Low,Serbia/Montenegro,O,2031,961951.5531913373
Low,Serbia/Montenegro,T,2031,1118642.4166171
Base,Slovakia,AD,2031,40940.30019083471
Base,Slovakia,I,2031,2239.83661184327
Base,Slovakia,O,2031,682182.1988001484
Base,Slovakia,T,2031,725362.335602826
High,Slovakia,AD,2031,47142.82880701048
High,Slovakia,I,2031,2523.5647378822
High,Slovakia,O,2031,773333.3984426961
High,Slovakia,T,2031,822999.791987588
Low,Slovakia,AD,2031,35792.64974041735
Low,Slovakia,I,2031,2019.04626581459
Low,Slovakia,O,2031,602367.4253275722
Low,Slovakia,T,2031,640179.121333803
Base,Slovenia,AD,2031,28413.579155821142
Base,Slovenia,I,2031,1477.69591464993
Base,Slovenia,O,2031,677504.2145990054
Base,Slovenia,T,2031,707395.489669476
High,Slovenia,AD,2031,32347.99633140571
High,Slovenia,I,2031,1592.10235374161
High,Slovenia,O,2031,760016.449080284
High,Slovenia,T,2031,793956.547765432
Low,Slovenia,AD,2031,24767.53489664046
Low,Slovenia,I,2031,1390.24796252509
Low,Slovenia,O,2031,600984.9509730025
Low,Slovenia,T,2031,627142.733832168
Base,South West FAB,AD,2031,2046196.199530654
Base,South West FAB,I,2031,577083.264270627
Base,South West FAB,O,2031,334591.76871853706
Base,South West FAB,T,2031,2957871.23251982
High,South West FAB,AD,2031,2270731.9258263437
High,South West FAB,I,2031,615698.331157072
High,South West FAB,O,2031,370775.72857528774
High,South West FAB,T,2031,3257205.98555871
Low,South West FAB,AD,2031,1807568.484083982
Low,South West FAB,I,2031,526291.524739843
Low,South West FAB,O,2031,295633.9861330147
Low,South West FAB,T,2031,2629493.99495684
Base,Spain,AD,2031,1698123.1722524934
Base,Spain,I,2031,484602.728188986
Base,Spain,O,2031,678311.3952610026
Base,Spain,T,2031,2861037.29570248
High,Spain,AD,2031,1875675.4162892264
High,Spain,I,2031,518223.231319387
High,Spain,O,2031,755929.6452675319
High,Spain,T,2031,3149828.29287614
Low,Spain,AD,2031,1508526.4074193817
Low,Spain,I,2031,442544.299146571
Low,Spain,O,2031,594582.1754827021
Low,Spain,T,2031,2545652.88204866
Base,Spain-Canaries,AD,2031,305206.3788398787
Base,Spain-Canaries,I,2031,93995.4178733103
Base,Spain-Canaries,O,2031,76932.8577931423
Base,Spain-Canaries,T,2031,476134.654506331
High,Spain-Canaries,AD,2031,344985.28018380195
High,Spain-Canaries,I,2031,105536.55375053
High,Spain-Canaries,O,2031,86848.49251077884
High,Spain-Canaries,T,2031,537370.326445111
Low,Spain-Canaries,AD,2031,263700.373348777
Low,Spain-Canaries,I,2031,81689.698504687
Low,Spain-Canaries,O,2031,68449.59623416774
Low,Spain-Canaries,T,2031,413839.668087632
Base,Spain-Continental,AD,2031,1571267.4322528732
Base,Spain-Continental,I,2031,295556.73223347
Base,Spain-Continental,O,2031,829819.5523691163
Base,Spain-Continental,T,2031,2696643.71685546
High,Spain-Continental,AD,2031,1731553.6638252
High,Spain-Continental,I,2031,306020.611907914
High,Spain-Continental,O,2031,928547.4417428845
High,Spain-Continental,T,2031,2966121.717476
Low,Spain-Continental,AD,2031,1399688.2854527675
Low,Spain-Continental,I,2031,278220.876098781
Low,Spain-Continental,O,2031,724680.1734739679
Low,Spain-Continental,T,2031,2402589.33502552
Base,Sweden,AD,2031,257118.84351996917
Base,Sweden,I,2031,87177.2713813094
Base,Sweden,O,2031,411557.8198446679
Base,Sweden,T,2031,755853.934745947
High,Sweden,AD,2031,292838.30798227264
High,Sweden,I,2031,101192.173561514
High,Sweden,O,2031,467149.15242239705
High,Sweden,T,2031,861179.633966185
Low,Sweden,AD,2031,226250.84254786506
Low,Sweden,I,2031,76235.9540980192
Low,Sweden,O,2031,366235.7628572852
Low,Sweden,T,2031,668722.559503169
Base,Switzerland,AD,2031,500831.2903703686
Base,Switzerland,I,2031,16687.2348889364
Base,Switzerland,O,2031,807337.1314224522
Base,Switzerland,T,2031,1324855.65668176
High,Switzerland,AD,2031,524666.6329128399
High,Switzerland,I,2031,17093.9719835184
High,Switzerland,O,2031,905773.1510879567
High,Switzerland,T,2031,1447533.75598432
Low,Switzerland,AD,2031,461839.78693959507
Low,Switzerland,I,2031,15838.6907840836
Low,Switzerland,O,2031,715636.8412174428
Low,Switzerland,T,2031,1193315.31894112
Base,Türkiye,AD,2031,1095146.3854892573
Base,Türkiye,I,2031,412650.374521519
Base,Türkiye,O,2031,773061.8243899806
Base,Türkiye,T,2031,2280858.58440076
High,Türkiye,AD,2031,1245317.3176053204
High,Türkiye,I,2031,459749.789629543
High,Türkiye,O,2031,842848.3997062743
High,Türkiye,T,2031,2547915.50694114
Low,Türkiye,AD,2031,972879.7334318139
Low,Türkiye,I,2031,372846.767136467
Low,Türkiye,O,2031,704685.0686673127
Low,Türkiye,T,2031,2050411.56923559
Base,UK-Continental,AD,2031,1932418.951049519
Base,UK-Continental,I,2031,261842.565186338
Base,UK-Continental,O,2031,575232.119004999
Base,UK-Continental,T,2031,2769493.63524086
High,UK-Continental,AD,2031,2110117.745465192
High,UK-Continental,I,2031,285787.904894386
High,UK-Continental,O,2031,645087.6709951474
High,UK-Continental,T,2031,3040993.32135472
Low,UK-Continental,AD,2031,1773547.341622003
Low,UK-Continental,I,2031,240814.65069105
Low,UK-Continental,O,2031,514332.9559687099
Low,UK-Continental,T,2031,2528694.94828176
Base,UK-Ireland FAB,AD,2031,2035842.6564755507
Base,UK-Ireland FAB,I,2031,396760.734428065
Base,UK-Ireland FAB,O,2031,403320.468408715
Base,UK-Ireland FAB,T,2031,2835923.85931233
High,UK-Ireland FAB,AD,2031,2233107.612403148
High,UK-Ireland FAB,I,2031,432980.772625774
High,UK-Ireland FAB,O,2031,451842.3673920378
High,UK-Ireland FAB,T,2031,3117930.75242096
Low,UK-Ireland FAB,AD,2031,1859155.481026514
Low,UK-Ireland FAB,I,2031,366361.83727334
Low,UK-Ireland FAB,O,2031,361127.72755720944
Low,UK-Ireland FAB,T,2031,2586645.04585706
Base,Ukraine,AD,2031,65.99401814990831
Base,Ukraine,O,2031,1082.890027769129
Base,Ukraine,T,2031,1148.88404591904
High,Ukraine,AD,2031,71.65213570201047
High,Ukraine,O,2031,1166.4146261856454
High,Ukraine,T,2031,1238.06676188765
Low,Ukraine,AD,2031,61.38702938538193
Low,Ukraine,O,2031,1008.8473965624778
Low,Ukraine,T,2031,1070.23442594786
Base,NM Area,AD,2032,2521484.4520956054
Base,NM Area,I,2032,10161897.139392849
Base,NM Area,O,2032,183153.5225945084
Base,NM Area,T,2032,12866535.114083
High,NM Area,AD,2032,2823934.2165988195
High,NM Area,I,2032,11551097.562299915
High,NM Area,O,2032,203127.4285566488
High,NM Area,T,2032,14578159.2074554
Low,NM Area,AD,2032,2249502.1428157743
Low,NM Area,I,2032,8907167.282570327
Low,NM Area,O,2032,167623.96010622906
Low,NM Area,T,2032,11324293.3854923
Base,Albania,AD,2032,110116.91998385359
Base,Albania,I,2032,25.5177183066501
Base,Albania,O,2032,411813.4410320085
Base,Albania,T,2032,521955.878734168
High,Albania,AD,2032,113862.97952443476
High,Albania,I,2032,20.9911450370067
High,Albania,O,2032,472063.33083259454
High,Albania,T,2032,585947.301502066
Low,Albania,AD,2032,87861.27718702468
Low,Albania,I,2032,24.4765074133437
Low,Albania,O,2032,359806.3590028512
Low,Albania,T,2032,447692.11269729
Base,Armenia,AD,2032,53755.15113142257
Base,Armenia,I,2032,27.194812040993
Base,Armenia,O,2032,141545.49739143916
Base,Armenia,T,2032,195327.843334903
High,Armenia,AD,2032,62979.7496787082
High,Armenia,I,2032,29.3531752936758
High,Armenia,O,2032,156683.87897424088
High,Armenia,T,2032,219692.981828243
Low,Armenia,AD,2032,45996.113583983424
Low,Armenia,I,2032,24.9723641743065
Low,Armenia,O,2032,127354.01905189407
Low,Armenia,T,2032,173375.105000052
Base,Austria,AD,2032,346758.0260649078
Base,Austria,I,2032,10362.5919207045
Base,Austria,O,2032,1621814.9228673833
Base,Austria,T,2032,1978935.540853
High,Austria,AD,2032,398420.32607662067
High,Austria,I,2032,11800.029096011
High,Austria,O,2032,1840535.632109671
High,Austria,T,2032,2250755.9872823
Low,Austria,AD,2032,305515.95755293366
Low,Austria,I,2032,8991.55649943228
Low,Austria,O,2032,1425730.861121073
Low,Austria,T,2032,1740238.37517344
Base,Azerbaijan,AD,2032,97327.96406978398
Base,Azerbaijan,I,2032,10472.7347660069
Base,Azerbaijan,O,2032,341111.88076255546
Base,Azerbaijan,T,2032,448912.579598346
High,Azerbaijan,AD,2032,116199.17056066985
High,Azerbaijan,I,2032,12777.0332441532
High,Azerbaijan,O,2032,365369.301854581
High,Azerbaijan,T,2032,494345.505659404
Low,Azerbaijan,AD,2032,81428.09164829236
Low,Azerbaijan,I,2032,8571.37481362416
Low,Azerbaijan,O,2032,314452.8110063469
Low,Azerbaijan,T,2032,404452.277468264
Base,BLUE MED FAB,AD,2032,1939776.2090501608
Base,BLUE MED FAB,I,2032,576652.868808214
Base,BLUE MED FAB,O,2032,1377582.9989468122
Base,BLUE MED FAB,T,2032,3894012.07680519
High,BLUE MED FAB,AD,2032,2269679.934405639
High,BLUE MED FAB,I,2032,682753.714862274
High,BLUE MED FAB,O,2032,1558175.2881876656
High,BLUE MED FAB,T,2032,4510608.93745557
Low,BLUE MED FAB,AD,2032,1658177.9643541216
Low,BLUE MED FAB,I,2032,491541.98114781
Low,BLUE MED FAB,O,2032,1205387.4874178253
Low,BLUE MED FAB,T,2032,3355107.43291976
Base,Baltic FAB,AD,2032,636995.8122690776
Base,Baltic FAB,I,2032,54879.9089145506
Base,Baltic FAB,O,2032,387741.0954320405
Base,Baltic FAB,T,2032,1079616.81661567
High,Baltic FAB,AD,2032,754063.8080998439
High,Baltic FAB,I,2032,62743.0519697978
High,Baltic FAB,O,2032,454724.48750329297
High,Baltic FAB,T,2032,1271531.34757293
Low,Baltic FAB,AD,2032,546430.2933729474
Low,Baltic FAB,I,2032,48603.3730135225
Low,Baltic FAB,O,2032,335368.8423953999
Low,Baltic FAB,T,2032,930402.50878187
Base,Belgium/Luxembourg,AD,2032,453280.9168203618
Base,Belgium/Luxembourg,I,2032,6153.26939317667
Base,Belgium/Luxembourg,O,2032,975710.9058444913
Base,Belgium/Luxembourg,T,2032,1435145.09205803
High,Belgium/Luxembourg,AD,2032,492039.4090462634
High,Belgium/Luxembourg,I,2032,6429.42245681587
High,Belgium/Luxembourg,O,2032,1083349.3753756336
High,Belgium/Luxembourg,T,2032,1581818.20687871
Low,Belgium/Luxembourg,AD,2032,399873.62084909406
Low,Belgium/Luxembourg,I,2032,5819.78111291242
Low,Belgium/Luxembourg,O,2032,869688.6451005836
Low,Belgium/Luxembourg,T,2032,1275382.04706259
Base,Bosnia and Herzegovina,AD,2032,35634.940050365345
Base,Bosnia and Herzegovina,I,2032,153.667461212135
Base,Bosnia and Herzegovina,O,2032,711243.2411234115
Base,Bosnia and Herzegovina,T,2032,747031.848634989
High,Bosnia and Herzegovina,AD,2032,43294.533343180614
High,Bosnia and Herzegovina,I,2032,188.140642392558
High,Bosnia and Herzegovina,O,2032,821188.230136935
High,Bosnia and Herzegovina,T,2032,864670.904122508
Low,Bosnia and Herzegovina,AD,2032,29558.195471481027
Low,Bosnia and Herzegovina,I,2032,118.87102743795
Low,Bosnia and Herzegovina,O,2032,614159.6907801797
Low,Bosnia and Herzegovina,T,2032,643836.757279099
Base,Bulgaria,AD,2032,109469.97345355895
Base,Bulgaria,I,2032,4652.56304570932
Base,Bulgaria,O,2032,1268390.1793322368
Base,Bulgaria,T,2032,1382512.7158315
High,Bulgaria,AD,2032,134021.5991820346
High,Bulgaria,I,2032,5615.57434357759
High,Bulgaria,O,2032,1445887.820713561
High,Bulgaria,T,2032,1585524.99423917
Low,Bulgaria,AD,2032,91613.34133702252
Low,Bulgaria,I,2032,3999.97131144299
Low,Bulgaria,O,2032,1120497.611949512
Low,Bulgaria,T,2032,1216110.92459798
Base,Croatia,AD,2032,155830.41440883727
Base,Croatia,I,2032,13095.4513875991
Base,Croatia,O,2032,1089438.8805953925
Base,Croatia,T,2032,1258364.74639183
High,Croatia,AD,2032,188956.32634835315
High,Croatia,I,2032,16016.1514288609
High,Croatia,O,2032,1246904.5481719868
High,Croatia,T,2032,1451877.0259492
Low,Croatia,AD,2032,130520.11180611698
Low,Croatia,I,2032,10886.8565144137
Low,Croatia,O,2032,943896.9349832912
Low,Croatia,T,2032,1085303.90330382
Base,Cyprus,AD,2032,133387.61649411745
Base,Cyprus,I,2032,1978.51424635818
Base,Cyprus,O,2032,445584.48330327525
Base,Cyprus,T,2032,580950.614043751
High,Cyprus,AD,2032,163362.95549882695
High,Cyprus,I,2032,2003.05993880874
High,Cyprus,O,2032,511339.47450457385
High,Cyprus,T,2032,676705.48994221
Low,Cyprus,AD,2032,111436.69693600331
Low,Cyprus,I,2032,1960.81907260439
Low,Cyprus,O,2032,389420.6452356709
Low,Cyprus,T,2032,502818.161244278
Base,Czech Republic,AD,2032,204254.34977851607
Base,Czech Republic,I,2032,7374.05198028037
Base,Czech Republic,O,2032,802569.0916046215
Base,Czech Republic,T,2032,1014197.49336342
High,Czech Republic,AD,2032,244617.81542731944
High,Czech Republic,I,2032,8208.25071447871
High,Czech Republic,O,2032,911538.0645845789
High,Czech Republic,T,2032,1164364.13072638
Low,Czech Republic,AD,2032,171017.95322759933
Low,Czech Republic,I,2032,6768.95337211541
Low,Czech Republic,O,2032,709846.9502727926
Low,Czech Republic,T,2032,887633.856872507
Base,DK-SE FAB,AD,2032,539186.6716237715
Base,DK-SE FAB,I,2032,141902.06291227601
Base,DK-SE FAB,O,2032,362985.7261728754
Base,DK-SE FAB,T,2032,1044074.46070892
High,DK-SE FAB,AD,2032,622012.4052458366
High,DK-SE FAB,I,2032,166195.21832925308
High,DK-SE FAB,O,2032,420241.055738183
High,DK-SE FAB,T,2032,1208448.67931327
Low,DK-SE FAB,AD,2032,471520.3060047132
Low,DK-SE FAB,I,2032,124032.7403341533
Low,DK-SE FAB,O,2032,316213.7455416527
Low,DK-SE FAB,T,2032,911766.791880519
Base,Danube FAB,AD,2032,349236.8535975931
Base,Danube FAB,I,2032,35633.4327094774
Base,Danube FAB,O,2032,1228346.245066008
Base,Danube FAB,T,2032,1613216.53137308
High,Danube FAB,AD,2032,417821.5671184206
High,Danube FAB,I,2032,41288.2235910043
High,Danube FAB,O,2032,1400034.5444540565
High,Danube FAB,T,2032,1859144.33516348
Low,Danube FAB,AD,2032,296459.41677826864
Low,Danube FAB,I,2032,31394.6393475154
Low,Danube FAB,O,2032,1085516.6632125538
Low,Danube FAB,T,2032,1413370.71933834
Base,Denmark,AD,2032,323064.61765921523
Base,Denmark,I,2032,28956.1074824312
Base,Denmark,O,2032,315387.4722766943
Base,Denmark,T,2032,667408.19741834
High,Denmark,AD,2032,371305.9832845169
High,Denmark,I,2032,31973.4205830906
High,Denmark,O,2032,355261.56921313907
High,Denmark,T,2032,758540.973080746
Low,Denmark,AD,2032,285210.42404336354
Low,Denmark,I,2032,26835.2249886133
Low,Denmark,O,2032,278381.32567784784
Low,Denmark,T,2032,590426.974709825
Base,ECAC,AD,2032,2854724.5051423996
Base,ECAC,I,2032,9641532.256932752
Base,ECAC,O,2032,275350.9435479156
Base,ECAC,T,2032,12771607.7056231
High,ECAC,AD,2032,3198416.0769504025
High,ECAC,I,2032,10955635.84922417
High,ECAC,O,2032,311226.1331096436
High,ECAC,T,2032,14465278.0592842
Low,ECAC,AD,2032,2532783.6190473475
Low,ECAC,I,2032,8464076.682937173
Low,ECAC,O,2032,247645.12860271838
Low,ECAC,T,2032,11244505.4305872
Base,ESRA08,AD,2032,3023494.2149976185
Base,ESRA08,I,2032,9223633.287878528
Base,ESRA08,O,2032,252723.60412519964
Base,ESRA08,T,2032,12499851.1070013
High,ESRA08,AD,2032,3405530.609584265
High,ESRA08,I,2032,10452142.46467372
High,ESRA08,O,2032,291692.4725655872
High,ESRA08,T,2032,14149365.5468236
Low,ESRA08,AD,2032,2671291.8761345283
Low,ESRA08,I,2032,8111994.369142203
Low,ESRA08,O,2032,222296.12751506802
Low,ESRA08,T,2032,11005582.3727918
Base,EU27,AD,2032,4516601.368396522
Base,EU27,I,2032,5489779.784437748
Base,EU27,O,2032,1243590.0588427242
Base,EU27,T,2032,11249971.211677
High,EU27,AD,2032,5102484.9309295
High,EU27,I,2032,6221550.327970228
High,EU27,O,2032,1396220.9744040922
High,EU27,T,2032,12720256.2333038
Low,EU27,AD,2032,3964953.9885832937
Low,EU27,I,2032,4802566.164082551
Low,EU27,O,2032,1122089.5178667416
Low,EU27,T,2032,9889609.67053258
Base,Estonia,AD,2032,43378.91887679673
Base,Estonia,I,2032,3396.66879453515
Base,Estonia,O,2032,159941.68624032204
Base,Estonia,T,2032,206717.273911654
High,Estonia,AD,2032,52672.760723165455
High,Estonia,I,2032,3761.95320138726
High,Estonia,O,2032,182852.76513689454
High,Estonia,T,2032,239287.479061447
Low,Estonia,AD,2032,37691.93789399999
Low,Estonia,I,2032,2806.32676505979
Low,Estonia,O,2032,141211.4426847429
Low,Estonia,T,2032,181709.707343803
Base,FAB CE,AD,2032,912219.3337378692
Base,FAB CE,I,2032,75506.25587898701
Base,FAB CE,O,2032,2375578.1206589704
Base,FAB CE,T,2032,3363303.71027583
High,FAB CE,AD,2032,1048218.186160034
High,FAB CE,I,2032,86285.47915511776
High,FAB CE,O,2032,2720879.6573123015
High,FAB CE,T,2032,3855383.32262745
Low,FAB CE,AD,2032,791556.0989605214
Low,FAB CE,I,2032,67134.13343872949
Low,FAB CE,O,2032,2076581.6050271266
Low,FAB CE,T,2032,2935271.83742638
Base,FABEC,AD,2032,3901484.1566905114
Base,FABEC,I,2032,985375.5528867483
Base,FABEC,O,2032,2176630.157727772
Base,FABEC,T,2032,7063489.86730504
High,FABEC,AD,2032,4332671.335015829
High,FABEC,I,2032,1061290.8609834875
High,FABEC,O,2032,2488818.1838025264
High,FABEC,T,2032,7882780.37980184
Low,FABEC,AD,2032,3445571.583352729
Low,FABEC,I,2032,900356.6545663695
Low,FABEC,O,2032,1907409.1073024068
Low,FABEC,T,2032,6253337.34522151
Base,Finland,AD,2032,168437.05058444868
Base,Finland,I,2032,37536.9233147269
Base,Finland,O,2032,72657.42000484842
Base,Finland,T,2032,278631.393904024
High,Finland,AD,2032,199234.84600243322
High,Finland,I,2032,44796.3745039294
High,Finland,O,2032,85863.57591283419
High,Finland,T,2032,329894.796419197
Low,Finland,AD,2032,145200.1271433101
Low,Finland,I,2032,32227.5191016177
Low,Finland,O,2032,63182.581093759705
Low,Finland,T,2032,240610.227338687
Base,France,AD,2032,1368851.6562470798
Base,France,I,2032,331949.264320653
Base,France,O,2032,2418940.7273718533
Base,France,T,2032,4119741.64793958
High,France,AD,2032,1522520.2085667683
High,France,I,2032,358728.28063902
High,France,O,2032,2728800.3941418724
High,France,T,2032,4610048.88334766
Low,France,AD,2032,1200442.6384355077
Low,France,I,2032,303677.767675287
Low,France,O,2032,2113028.458693652
Low,France,T,2032,3617148.86480445
Base,Georgia,AD,2032,107111.64012034253
Base,Georgia,I,2032,665.681110798758
Base,Georgia,O,2032,292934.5932447165
Base,Georgia,T,2032,400711.914475858
High,Georgia,AD,2032,127477.97977180786
High,Georgia,I,2032,876.817496986746
High,Georgia,O,2032,323459.76053288404
High,Georgia,T,2032,451814.557801678
Low,Georgia,AD,2032,91219.00226265819
Low,Georgia,I,2032,509.331937003847
Low,Georgia,O,2032,263648.5538289874
Low,Georgia,T,2032,355376.888028649
Base,Germany,AD,2032,1734736.908606244
Base,Germany,I,2032,228774.466185293
Base,Germany,O,2032,1552391.5408816228
Base,Germany,T,2032,3515902.91567316
High,Germany,AD,2032,1969918.7473848423
High,Germany,I,2032,252289.2747009
High,Germany,O,2032,1729779.7147643913
High,Germany,T,2032,3951987.73685013
Low,Germany,AD,2032,1535902.720286291
Low,Germany,I,2032,210175.738395305
Low,Germany,O,2032,1376103.6943301342
Low,Germany,T,2032,3122182.15301173
Base,Greece,AD,2032,523095.3127538338
Base,Greece,I,2032,145963.295727163
Base,Greece,O,2032,717532.4380503206
Base,Greece,T,2032,1386591.04653132
High,Greece,AD,2032,618501.4914456479
High,Greece,I,2032,165007.30882123
High,Greece,O,2032,812742.3433905204
High,Greece,T,2032,1596251.1436574
Low,Greece,AD,2032,446512.9873485347
Low,Greece,I,2032,130082.250211894
Low,Greece,O,2032,631241.0204346431
Low,Greece,T,2032,1207836.25799507
Base,Hungary,AD,2032,176879.75771928928
Base,Hungary,I,2032,1515.21805409363
Base,Hungary,O,2032,1298370.4253456532
Base,Hungary,T,2032,1476765.40111904
High,Hungary,AD,2032,177741.05087705265
High,Hungary,I,2032,1524.53490945582
High,Hungary,O,2032,1499542.0800815732
High,Hungary,T,2032,1678807.66586808
Low,Hungary,AD,2032,164754.41964781258
Low,Hungary,I,2032,1488.61312161271
Low,Hungary,O,2032,1136437.7656737082
Low,Hungary,T,2032,1302680.79844313
Base,Iceland,AD,2032,76493.78921317394
Base,Iceland,I,2032,13179.790528829
Base,Iceland,O,2032,121990.74558748376
Base,Iceland,T,2032,211664.325329487
High,Iceland,AD,2032,95028.43512800646
High,Iceland,I,2032,15484.5525175933
High,Iceland,O,2032,140398.48656124691
High,Iceland,T,2032,250911.474206847
Low,Iceland,AD,2032,62731.07274874361
Low,Iceland,I,2032,11064.7440108325
Low,Iceland,O,2032,108859.87778536072
Low,Iceland,T,2032,182655.694544937
Base,Ireland,AD,2032,364373.34182313207
Base,Ireland,I,2032,7432.53742877488
Base,Ireland,O,2032,444290.4525119208
Base,Ireland,T,2032,816096.331763828
High,Ireland,AD,2032,416276.5000816669
High,Ireland,I,2032,8326.26415304646
High,Ireland,O,2032,501292.0651572919
High,Ireland,T,2032,925894.829392005
Low,Ireland,AD,2032,323023.7472036314
Low,Ireland,I,2032,6680.12620847263
Low,Ireland,O,2032,399966.96420507727
Low,Ireland,T,2032,729670.837617182
Base,Israel,AD,2032,194004.60925015542
Base,Israel,I,2032,15350.1500645873
Base,Israel,O,2032,28247.58857442415
Base,Israel,T,2032,237602.347889167
High,Israel,AD,2032,231743.86518211095
High,Israel,I,2032,18216.2711657661
High,Israel,O,2032,30498.896790695457
High,Israel,T,2032,280459.033138573
Low,Israel,AD,2032,162759.52716895522
Low,Israel,I,2032,13122.3885797433
Low,Israel,O,2032,26082.144833666403
Low,Israel,T,2032,201964.060582365
Base,Italy,AD,2032,1380745.1488006325
Base,Italy,I,2032,332320.675149771
Base,Italy,O,2032,1046490.8637379977
Base,Italy,T,2032,2759556.6876884
High,Italy,AD,2032,1609410.8848715052
High,Italy,I,2032,397541.593338565
High,Italy,O,2032,1184638.6033388113
High,Italy,T,2032,3191591.08154888
Low,Italy,AD,2032,1180790.640767741
Low,Italy,I,2032,279368.972158033
Low,Italy,O,2032,912215.4169709324
Low,Italy,T,2032,2372375.02989671
Base,Latvia,AD,2032,71303.2795774638
Base,Latvia,I,2032,886.034321878355
Base,Latvia,O,2032,210753.41054336206
Base,Latvia,T,2032,282942.724442704
High,Latvia,AD,2032,87863.38910433318
High,Latvia,I,2032,918.452609965745
High,Latvia,O,2032,241958.68913491978
High,Latvia,T,2032,330740.530849219
Low,Latvia,AD,2032,61540.74385127045
Low,Latvia,I,2032,856.360833821084
Low,Latvia,O,2032,185031.76265662402
Low,Latvia,T,2032,247428.867341716
Base,Lithuania,AD,2032,69008.59487845404
Base,Lithuania,I,2032,2429.0572010254
Base,Lithuania,O,2032,196769.0397070355
Base,Lithuania,T,2032,268206.691786515
High,Lithuania,AD,2032,82879.04692778208
High,Lithuania,I,2032,2512.57560563532
High,Lithuania,O,2032,230738.71529149116
High,Lithuania,T,2032,316130.337824908
Low,Lithuania,AD,2032,59680.742106721285
Low,Lithuania,I,2032,2358.93587026331
Low,Lithuania,O,2032,169685.93940183488
Low,Lithuania,T,2032,231725.61737882
Base,Malta,AD,2032,93567.66294156876
Base,Malta,I,2032,736.410944290072
Base,Malta,O,2032,117420.01403348263
Base,Malta,T,2032,211724.087919341
High,Malta,AD,2032,112946.88477011693
High,Malta,I,2032,781.398945111399
High,Malta,O,2032,132543.5341118624
High,Malta,T,2032,246271.817827091
Low,Malta,AD,2032,78034.28030994996
Low,Malta,I,2032,692.704112057422
Low,Malta,O,2032,103477.20951360119
Low,Malta,T,2032,182204.193935609
Base,Moldova,AD,2032,69419.88217187895
Base,Moldova,I,2032,21.6392089780309
Base,Moldova,O,2032,83.1384325209549
Base,Moldova,T,2032,69524.659813378
High,Moldova,AD,2032,85040.86256535894
High,Moldova,I,2032,24.4562181039174
High,Moldova,O,2032,92.334176797409
High,Moldova,T,2032,85157.6529602603
Low,Moldova,AD,2032,58313.14231885379
Low,Moldova,I,2032,19.229237598244
Low,Moldova,O,2032,75.14702541060808
Low,Moldova,T,2032,58407.5185818626
Base,Morocco,AD,2032,295601.0975419503
Base,Morocco,I,2032,38345.1380896986
Base,Morocco,O,2032,369884.2829994323
Base,Morocco,T,2032,703830.518631081
High,Morocco,AD,2032,332795.72740380035
High,Morocco,I,2032,45242.5891070607
High,Morocco,O,2032,420817.225993046
High,Morocco,T,2032,798855.542503907
Low,Morocco,AD,2032,250470.79369271593
Low,Morocco,I,2032,32171.2622215277
Low,Morocco,O,2032,315766.23938018177
Low,Morocco,T,2032,598408.295294426
Base,NEFAB,AD,2032,459887.83962768724
Base,NEFAB,I,2032,352780.3396517952
Base,NEFAB,O,2032,242424.1392210998
Base,NEFAB,T,2032,1055092.31850058
High,NEFAB,AD,2032,542754.634602155
High,NEFAB,I,2032,406249.82706004684
High,NEFAB,O,2032,278540.15112364397
High,NEFAB,T,2032,1227544.61278585
Low,NEFAB,AD,2032,396334.21110314457
Low,NEFAB,I,2032,314111.16578605614
Low,NEFAB,O,2032,213682.01936940022
Low,NEFAB,T,2032,924127.396258602
Base,Netherlands,AD,2032,610324.3145234361
Base,Netherlands,I,2032,13115.742742278864
Base,Netherlands,O,2032,728558.7915315261
Base,Netherlands,T,2032,1351998.84879724
High,Netherlands,AD,2032,632209.7944843341
High,Netherlands,I,2032,14426.594725709878
High,Netherlands,O,2032,819224.8183193536
High,Netherlands,T,2032,1465861.2075294
Low,Netherlands,AD,2032,547140.5798456549
Low,Netherlands,I,2032,11922.53270181827
Low,Netherlands,O,2032,654228.5353266858
Low,Netherlands,T,2032,1213291.64787416
Base,North Macedonia,AD,2032,35848.956962453136
Base,North Macedonia,I,2032,13.6914459404384
Base,North Macedonia,O,2032,342448.00110124453
Base,North Macedonia,T,2032,378310.649509638
High,North Macedonia,AD,2032,45451.991180341276
High,North Macedonia,I,2032,19.384308683779
High,North Macedonia,O,2032,393947.2244217833
High,North Macedonia,T,2032,439418.599910809
Low,North Macedonia,AD,2032,28507.426195829248
Low,North Macedonia,I,2032,9.00411655024694
Low,North Macedonia,O,2032,298316.47783925914
Low,North Macedonia,T,2032,326832.908151638
Base,Norway-Continental,AD,2032,238023.80757041613
Base,Norway-Continental,I,2032,278125.268646498
Base,Norway-Continental,O,2032,99635.85641618927
Base,Norway-Continental,T,2032,615784.932633104
High,Norway-Continental,AD,2032,280049.93581275735
High,Norway-Continental,I,2032,315689.0846089
High,Norway-Continental,O,2032,118100.32544083832
High,Norway-Continental,T,2032,713839.345862496
Low,Norway-Continental,AD,2032,205480.65422914503
Low,Norway-Continental,I,2032,249475.033044172
Low,Norway-Continental,O,2032,86506.70615505605
Low,Norway-Continental,T,2032,541462.393428373
Base,Poland,AD,2032,579463.9582333006
Base,Poland,I,2032,46712.4812921867
Base,Poland,O,2032,372035.1382665894
Base,Poland,T,2032,998211.577792077
High,Poland,AD,2032,684642.4295400216
High,Poland,I,2032,53501.6421801832
High,Poland,O,2032,437468.4425208245
High,Poland,T,2032,1175612.51424103
Low,Poland,AD,2032,496684.2732493568
Low,Poland,I,2032,41277.0761516934
Low,Poland,O,2032,320637.89801881375
Low,Poland,T,2032,858599.247419865
Base,Portugal,AD,2032,474883.94056286936
Base,Portugal,I,2032,70217.3908097459
Base,Portugal,O,2032,464089.52191558346
Base,Portugal,T,2032,1009190.8532882
High,Portugal,AD,2032,531547.4702052446
High,Portugal,I,2032,79790.5036341879
High,Portugal,O,2032,529881.48639613006
High,Portugal,T,2032,1141219.46023556
Low,Portugal,AD,2032,405438.932870501
Low,Portugal,I,2032,61886.1887026556
Low,Portugal,O,2032,400657.29779532924
Low,Portugal,T,2032,867982.419368486
Base,Portugal-Continental,AD,2032,483761.2811262186
Base,Portugal-Continental,I,2032,34278.308327533
Base,Portugal-Continental,O,2032,383048.06784151343
Base,Portugal-Continental,T,2032,901087.657295265
High,Portugal-Continental,AD,2032,541514.1023060554
High,Portugal-Continental,I,2032,36856.6634180268
High,Portugal-Continental,O,2032,438003.11505366967
High,Portugal-Continental,T,2032,1016373.88077775
Low,Portugal-Continental,AD,2032,412309.43130352197
Low,Portugal-Continental,I,2032,32211.072483462
Low,Portugal-Continental,O,2032,328529.6774081503
Low,Portugal-Continental,T,2032,773050.181195134
Base,Portugal-SantaMaria,AD,2032,24907.114058185147
Base,Portugal-SantaMaria,I,2032,19046.8551714457
Base,Portugal-SantaMaria,O,2032,203350.62663879222
Base,Portugal-SantaMaria,T,2032,247304.595868423
High,Portugal-SantaMaria,AD,2032,29750.9209142397
High,Portugal-SantaMaria,I,2032,23075.0637086359
High,Portugal-SantaMaria,O,2032,231831.90280512685
High,Portugal-SantaMaria,T,2032,284657.887428002
Low,Portugal-SantaMaria,AD,2032,20192.587246910185
Low,Portugal-SantaMaria,I,2032,16143.5733792281
Low,Portugal-SantaMaria,O,2032,177440.76792989808
Low,Portugal-SantaMaria,T,2032,213776.928556036
Base,Romania,AD,2032,243087.34560135964
Base,Romania,I,2032,29320.6369351051
Base,Romania,O,2032,846700.9377779863
Base,Romania,T,2032,1119108.92031445
High,Romania,AD,2032,287669.38313612767
High,Romania,I,2032,33737.9416475558
High,Romania,O,2032,960154.4581068319
High,Romania,T,2032,1281561.78289051
Low,Romania,AD,2032,207737.87494426066
Low,Romania,I,2032,25948.7682845655
Low,Romania,O,2032,752909.5957568014
Low,Romania,T,2032,986596.238985628
Base,SES-RP2,AD,2032,3180045.781405829
Base,SES-RP2,I,2032,8039644.193085416
Base,SES-RP2,O,2032,565037.0149821257
Base,SES-RP2,T,2032,11784726.9894734
High,SES-RP2,AD,2032,3586985.0893307654
High,SES-RP2,I,2032,9070368.961540557
High,SES-RP2,O,2032,660672.5687838182
High,SES-RP2,T,2032,13318026.6196551
Low,SES-RP2,AD,2032,2790892.734818233
Low,SES-RP2,I,2032,7092839.425704488
Low,SES-RP2,O,2032,490512.39611865813
Low,SES-RP2,T,2032,10374244.5566414
Base,SES-RP3,AD,2032,4231713.004171228
Base,SES-RP3,I,2032,6267823.771212683
Base,SES-RP3,O,2032,1023277.8937429417
Base,SES-RP3,T,2032,11522814.6691269
High,SES-RP3,AD,2032,4782342.374784274
High,SES-RP3,I,2032,7083672.003347649
High,SES-RP3,O,2032,1160910.2103060004
High,SES-RP3,T,2032,13026924.5884379
Low,SES-RP3,AD,2032,3715796.9191765105
Low,SES-RP3,I,2032,5500857.249753685
Low,SES-RP3,O,2032,918276.7278958629
Low,SES-RP3,T,2032,10134930.8968261
Base,Serbia/Montenegro,AD,2032,176379.2031128596
Base,Serbia/Montenegro,I,2032,11120.082589742
Base,Serbia/Montenegro,O,2032,1107679.077872876
Base,Serbia/Montenegro,T,2032,1295178.36357548
High,Serbia/Montenegro,AD,2032,210931.45681500444
High,Serbia/Montenegro,I,2032,13729.1142900913
High,Serbia/Montenegro,O,2032,1265872.658142695
High,Serbia/Montenegro,T,2032,1490533.22924779
Low,Serbia/Montenegro,AD,2032,147491.73239018253
Low,Serbia/Montenegro,I,2032,9112.56451509878
Low,Serbia/Montenegro,O,2032,962305.8598462942
Low,Serbia/Montenegro,T,2032,1118910.15675158
Base,Slovakia,AD,2032,42059.73036452239
Base,Slovakia,I,2032,2267.90376326665
Base,Slovakia,O,2032,699241.8649268082
Base,Slovakia,T,2032,743569.499054597
High,Slovakia,AD,2032,49799.25997796087
High,Slovakia,I,2032,2605.87270262448
High,Slovakia,O,2032,813533.7441570476
High,Slovakia,T,2032,865938.876837632
Low,Slovakia,AD,2032,36048.76144070617
Low,Slovakia,I,2032,2016.04551760961
Low,Slovakia,O,2032,606028.2556325648
Low,Slovakia,T,2032,644093.06259088
Base,Slovenia,AD,2032,29000.882767618066
Base,Slovenia,I,2032,1497.90504201075
Base,Slovenia,O,2032,689995.1410155904
Base,Slovenia,T,2032,720493.928825219
High,Slovenia,AD,2032,33700.14629633347
High,Slovenia,I,2032,1638.74837167807
High,Slovenia,O,2032,789703.6828090732
High,Slovenia,T,2032,825042.577477085
Low,Slovenia,AD,2032,24815.57330848292
Low,Slovenia,I,2032,1395.21224308863
Low,Slovenia,O,2032,600683.6249244406
Low,Slovenia,T,2032,626894.410476012
Base,South West FAB,AD,2032,2084959.167458658
Base,South West FAB,I,2032,577352.005255117
Base,South West FAB,O,2032,343853.58841408265
Base,South West FAB,T,2032,3006164.76112786
High,South West FAB,AD,2032,2328211.120993562
High,South West FAB,I,2032,615772.044042979
High,South West FAB,O,2032,386257.04351566813
High,South West FAB,T,2032,3330240.20855221
Low,South West FAB,AD,2032,1807588.6910815625
Low,South West FAB,I,2032,521297.135025046
Low,South West FAB,O,2032,297380.65809892537
Low,South West FAB,T,2032,2626266.48420553
Base,Spain,AD,2032,1728703.2404657693
Base,Spain,I,2032,485137.169789782
Base,Spain,O,2032,694837.6290189106
Base,Spain,T,2032,2908678.03927446
High,Spain,AD,2032,1919020.885861581
High,Spain,I,2032,518875.442589885
High,Spain,O,2032,783076.0223912916
High,Spain,T,2032,3220972.35084276
Low,Spain,AD,2032,1508921.401835075
Low,Spain,I,2032,437320.265429961
Low,Spain,O,2032,595952.882877631
Low,Spain,T,2032,2542194.55014267
Base,Spain-Canaries,AD,2032,309472.38189172535
Base,Spain-Canaries,I,2032,91990.2396294911
Base,Spain-Canaries,O,2032,79263.79585605543
Base,Spain-Canaries,T,2032,480726.417377272
High,Spain-Canaries,AD,2032,354143.5966584777
High,Spain-Canaries,I,2032,105418.397187948
High,Spain-Canaries,O,2032,90112.78044447745
High,Spain-Canaries,T,2032,549674.774290904
Low,Spain-Canaries,AD,2032,261090.42025572003
Low,Spain-Canaries,I,2032,78071.321663816
Low,Spain-Canaries,O,2032,69130.87057776599
Low,Spain-Canaries,T,2032,408292.612497302
Base,Spain-Continental,AD,2032,1599583.1558149871
Base,Spain-Continental,I,2032,297154.120344688
Base,Spain-Continental,O,2032,847662.9022991686
Base,Spain-Continental,T,2032,2744400.17845885
High,Spain-Continental,AD,2032,1768192.6916918217
High,Spain-Continental,I,2032,305676.826037515
High,Spain-Continental,O,2032,960697.1716004497
High,Spain-Continental,T,2032,3034566.68932979
Low,Spain-Continental,AD,2032,1400706.1260969709
Low,Spain-Continental,I,2032,277755.596180693
Low,Spain-Continental,O,2032,724145.3886494155
Low,Spain-Continental,T,2032,2402607.11092708
Base,Sweden,AD,2032,262234.90273659513
Base,Sweden,I,2032,89245.3617524964
Base,Sweden,O,2032,418082.1573157843
Base,Sweden,T,2032,769562.421804876
High,Sweden,AD,2032,305468.55172300775
High,Sweden,I,2032,106113.444046266
High,Sweden,O,2032,485592.0977296852
High,Sweden,T,2032,897174.093498959
Low,Sweden,AD,2032,226404.36853434137
Low,Sweden,I,2032,76569.087324569
Low,Sweden,O,2032,365588.4721001073
Low,Sweden,T,2032,668561.927959017
Base,Switzerland,AD,2032,503668.7679936279
Base,Switzerland,I,2032,16719.0758919719
Base,Switzerland,O,2032,819208.4473933877
Base,Switzerland,T,2032,1339596.29127899
High,Switzerland,AD,2032,531235.8467497332
High,Switzerland,I,2032,17171.6010705149
High,Switzerland,O,2032,933394.3415053764
High,Switzerland,T,2032,1481801.78932562
Low,Switzerland,AD,2032,461129.77339815715
Low,Switzerland,I,2032,15839.430374665
Low,Switzerland,O,2032,712899.5906776864
Low,Switzerland,T,2032,1189868.79445051
Base,Türkiye,AD,2032,1125269.1703216485
Base,Türkiye,I,2032,417600.287983303
Base,Türkiye,O,2032,792197.4673170038
Base,Türkiye,T,2032,2335066.92562195
High,Türkiye,AD,2032,1310713.6128128895
High,Türkiye,I,2032,492361.028328952
High,Türkiye,O,2032,879013.1579172596
High,Türkiye,T,2032,2682087.7990591
Low,Türkiye,AD,2032,979501.2973504377
Low,Türkiye,I,2032,370891.912466036
Low,Türkiye,O,2032,712004.866694139
Low,Türkiye,T,2032,2062398.07651061
Base,UK-Continental,AD,2032,1957075.7905112167
Base,UK-Continental,I,2032,259770.112619744
Base,UK-Continental,O,2032,587013.5892387314
Base,UK-Continental,T,2032,2803859.49236969
High,UK-Continental,AD,2032,2183312.996137931
High,UK-Continental,I,2032,288821.127365234
High,UK-Continental,O,2032,670124.4622106941
High,UK-Continental,T,2032,3142258.58571386
Low,UK-Continental,AD,2032,1772868.0141019651
Low,UK-Continental,I,2032,236138.326801261
Low,UK-Continental,O,2032,515783.05332669185
Low,UK-Continental,T,2032,2524789.39422992
Base,UK-Ireland FAB,AD,2032,2063667.839501813
Base,UK-Ireland FAB,I,2032,396093.844992193
Base,UK-Ireland FAB,O,2032,412098.7036918183
Base,UK-Ireland FAB,T,2032,2871860.38818582
High,UK-Ireland FAB,AD,2032,2312429.2913572975
High,UK-Ireland FAB,I,2032,440728.140709248
High,UK-Ireland FAB,O,2032,469565.88571997057
High,UK-Ireland FAB,T,2032,3222723.31778652
Low,UK-Ireland FAB,AD,2032,1858731.2302971801
Low,UK-Ireland FAB,I,2032,361399.16882528
Low,UK-Ireland FAB,O,2032,362680.15727620525
Low,UK-Ireland FAB,T,2032,2582810.55639867
Base,Ukraine,AD,2032,66.50672104444429
Base,Ukraine,O,2032,1106.120429337688
Base,Ukraine,T,2032,1172.62715038213
High,Ukraine,AD,2032,72.28515762677223
High,Ukraine,O,2032,1208.520286329547
High,Ukraine,T,2032,1280.80544395632
Low,Ukraine,AD,2032,61.86639568854263
Low,Ukraine,O,2032,1018.6452560945858
Low,Ukraine,T,2032,1080.51165178313
